{
    "XF-Admin-Controller-User_FS-RegistrationSteps-XF-Admin-Controller-User.json": {
        "hash": "4be078c9e108cba4b454e800aa7e9f96"
    },
    "XF-CustomField-Definition_FS-RegistrationSteps-XF-CustomField-Definition.json": {
        "hash": "bb96809842c38f7f5d13a06f76c038c1"
    },
    "XF-Entity-Forum_FS-RegistrationSteps-XF-Entity-Forum.json": {
        "hash": "2e401d4a65727d454ac708c9fe2ddd0b"
    },
    "XF-Entity-Thread_FS-RegistrationSteps-XF-Entity-Thread.json": {
        "hash": "777dbab28d6baab118556417fde38b1c"
    },
    "XF-Entity-UserProfile_FS-RegistrationSteps-XF-Entity-UserProfile.json": {
        "hash": "69407cba66b64562a5454b2a74087605"
    },
    "XF-Entity-User_FS-RegistrationSteps-XF-Entity-User.json": {
        "hash": "c42e2c79dedbe8887d681a8acbb8c1e6"
    },
    "XF-Pub-Controller-Account_FS-RegistrationSteps-XF-Pub-Controller-Account.json": {
        "hash": "dcf8d8753ef403cd02665178ab4f24a2"
    },
    "XF-Pub-Controller-Forum_FS-RegistrationSteps-XF-Pub-Controller-Forum.json": {
        "hash": "9fc3a62da0598415b2214c3aad7568bc"
    },
    "XF-Pub-Controller-Help_FS-RegistrationSteps-XF-Pub-Controller-Help.json": {
        "hash": "2271b3eab9118b3c02a009a2ac7c5c96"
    },
    "XF-Pub-Controller-Member_FS-RegistrationSteps-XF-Pub-Controller-Member.json": {
        "hash": "fa01060976421c4ef414573258dad022"
    },
    "XF-Pub-Controller-Register_FS-RegistrationSteps-XF-Pub-Controller-Register.json": {
        "hash": "d88032e7ee9403f1bc9206c6a0a49642"
    },
    "XF-Pub-Controller-Thread_FS-RegistrationSteps-XF-Pub-Controller-Thread.json": {
        "hash": "2694c12f83d9655e6728d35d11c12523"
    },
    "XF-Service-Thread-Creator_FS-RegistrationSteps-XF-Service-Thread-Creator.json": {
        "hash": "30629e5331787c09a5c6c84fbf826ce3"
    },
    "XF-Service-User-Registration_FS-RegistrationSteps-XF-Service-User-Registration.json": {
        "hash": "cd8ff6216589dbb1401da2e8b3e0d8c2"
    }
}