{
    "src/addons/ThemeHouse/PostComments/addon.json": "d26ff85905de3f71c94c5d7a825444db68617808c39830cc25760b2305061ffd",
    "src/addons/ThemeHouse/PostComments/Behavior/CommentTreeStructured.php": "94d4f24e6d88b22f5bd8c3b5efab46f5d8cc5c115da0f45c0beb3bf0252348f9",
    "src/addons/ThemeHouse/PostComments/CHANGELOG.md": "f78dcea0599d05db0d109a0d280855b1ac6f2c79139bb8cb1f937ad9d63cca87",
    "src/addons/ThemeHouse/PostComments/Import/Importer/CMFThread.php": "e67b28291565af912c3b6f933aea1e29840ffe117b3df45b4a2524a2ef9d9152",
    "src/addons/ThemeHouse/PostComments/Import/Importer/TruonglvPostReply.php": "0805174332ba1d852a02beb0b7f45b1518bcdf323a6e6917e2c5eac4e760c9f7",
    "src/addons/ThemeHouse/PostComments/Job/RebuildCounters.php": "82682997fe821baa6d022adf329bfa90f4927e258200506070356f9288498c55",
    "src/addons/ThemeHouse/PostComments/Job/RebuildNesting.php": "1b826b0b64be6c34c7be9d20c80d00fe2330c57b379ef6a6cbdea7d9fa95dfc3",
    "src/addons/ThemeHouse/PostComments/LICENSE.md": "f7079ad6811e5349713c71dabea300e54ca6e577d25fbc6917538d348e3334a7",
    "src/addons/ThemeHouse/PostComments/Listener.php": "abee71d3e23e7e203be32345d31431f8762040c2e542a7684f0dea057d12f7e5",
    "src/addons/ThemeHouse/PostComments/Notifier/Post/ThreadWatch.php": "aa97acf0aad4e581786cec7af77afb4d69e70b19cb69f5dd0aad9bf69b6ec845",
    "src/addons/ThemeHouse/PostComments/README.md": "125a60b35f185a2c7628dcbb4b965d940ceaf0d27294bc2884fb1de689a62084",
    "src/addons/ThemeHouse/PostComments/Repository/Post.php": "c011b5ab4cd7d82c596abc0814b219df24ae6477b0e5bc3bf8652e3eb4bd75c1",
    "src/addons/ThemeHouse/PostComments/Service/Post/RebuildNestedSet.php": "309417a732a9e8a63fd634159b797dd655f140677c471a3b9e923eee6f18e717",
    "src/addons/ThemeHouse/PostComments/Setup.php": "231e161e3bee3440ad543b9618f6a482651bb67feb4fcf3de51e9149e54091d3",
    "src/addons/ThemeHouse/PostComments/XF/Entity/Post.php": "0b6bdefd8eb966e08763041eb9953a9adb012ea48d27fd82ab70e40a6538ac9c",
    "src/addons/ThemeHouse/PostComments/XF/Entity/Thread.php": "6229eae80deb8a267a11454e1922cad4e0f3b73c9127e89839fa3a0733c0e03e",
    "src/addons/ThemeHouse/PostComments/XF/Finder/Post.php": "985f9a83faa074e051f5a66a074bbce8f597e85eb59a72cad0aceb87cbcdaedd",
    "src/addons/ThemeHouse/PostComments/XF/Pub/Controller/Post.php": "7fd277f359b26cbd250fe441bb40238c75ef0fb5c2ac516916c46f268d5d5f83",
    "src/addons/ThemeHouse/PostComments/XF/Pub/Controller/Thread.php": "df7905229dfc10609734eef275a580117583ca4d5e3b0d5cce03f864b9882533",
    "src/addons/ThemeHouse/PostComments/XF/Repository/Thread.php": "7094821bdba0577076bb6b06e259fe684c8d8de91c6d74d98a8cf6919a7fb01b",
    "src/addons/ThemeHouse/PostComments/XF/Service/Post/Notifier.php": "cc50166f0a7dcb807c58146b120f86315d355d4faaa4bd3b57fb02df60a14557",
    "src/addons/ThemeHouse/PostComments/XF/Service/Thread/Replier.php": "b32ac817ef0a56deacda4e30e5a6a33b4c766500960d64cd377b173970e16a65",
    "src/addons/ThemeHouse/PostComments/_data/activity_summary_definitions.xml": "99d8c2563a31320d66f958fc8bda78613545f5f7959bb3cf5318805e3a3c39d2",
    "src/addons/ThemeHouse/PostComments/_data/admin_navigation.xml": "064ec797484ac00d5ee37367b50b06846d11f480d00550997712707f8fdac8c0",
    "src/addons/ThemeHouse/PostComments/_data/admin_permission.xml": "ec6fb97cebf0bceb24f1ed1d5778c1db54eeb7535fbb3e31d824840e7aa9ff87",
    "src/addons/ThemeHouse/PostComments/_data/advertising_positions.xml": "d2f7cbe844bb1df3cf878d22ff6306249245c8ff6b0b87b9b729744bec538261",
    "src/addons/ThemeHouse/PostComments/_data/api_scopes.xml": "6793eaf758f140e8137187ba20e65f4faccf53410433ae3ad7a8b3b38cb6b3b7",
    "src/addons/ThemeHouse/PostComments/_data/bb_codes.xml": "faa4ddd5f4a365e5ac39aebdcbe2d25aedf74e7eb9ea4a812766e2fd5e13bdb1",
    "src/addons/ThemeHouse/PostComments/_data/bb_code_media_sites.xml": "29762987990187b33e43cfb68c08dc917b2d3f0176613d78f8e6c453f82da3f3",
    "src/addons/ThemeHouse/PostComments/_data/class_extensions.xml": "38cfdd289f09d07613fddb1c5441e3808af8e8ef95d91ee542f9fea16bec649b",
    "src/addons/ThemeHouse/PostComments/_data/code_events.xml": "8370dec3df47f91df4cf79da253446ad11b29f4ea568fe76c774e97a0379f0eb",
    "src/addons/ThemeHouse/PostComments/_data/code_event_listeners.xml": "218c658d7d9e77371330f61b0b87eb6ba24d2cbe879629eb13f1f0de259dc0dc",
    "src/addons/ThemeHouse/PostComments/_data/content_type_fields.xml": "c7ad5472b28f465b7ac7617627707eba1b7a39d28089460d52e1ed292fc0b06a",
    "src/addons/ThemeHouse/PostComments/_data/cron.xml": "323c4284742ef24329cd6db6f288eb9736d2353f36852e1db12591e1583aea26",
    "src/addons/ThemeHouse/PostComments/_data/help_pages.xml": "a8a0c0b06cdc550438bc8a8d385af3e1e5ab3459877dfb934c1c31be59c89163",
    "src/addons/ThemeHouse/PostComments/_data/member_stats.xml": "89fb2b93ff1eca7a1f6f752248edf6090dfd24037db1446fd18ff7143f08124d",
    "src/addons/ThemeHouse/PostComments/_data/mjc_event_definitions.xml": "b83182307cd408c22a7cb78315af16f996bd63af5d82b59a40f48be875e74da4",
    "src/addons/ThemeHouse/PostComments/_data/navigation.xml": "f75e1c03a45a360bbdfcd0567121665082315068475d5b0feb8b1acbb1688651",
    "src/addons/ThemeHouse/PostComments/_data/options.xml": "a417525f807d2b22a0738d4208507ca1d722e9a3d1ba77a18cdef439536fc14d",
    "src/addons/ThemeHouse/PostComments/_data/option_groups.xml": "491dd7d81ff9cd7ff93dbe960b1e01b4dea9d5c09c54f5d563d43f9310154470",
    "src/addons/ThemeHouse/PostComments/_data/permissions.xml": "7ce7e23df1fc2083ae5a33d2223798374a02eb8bf90e749a2c56d011b19e584a",
    "src/addons/ThemeHouse/PostComments/_data/permission_interface_groups.xml": "3177224e96458b829aa7fb24866dda9e0455a4922aee3d669b53f59a1ffdf5d1",
    "src/addons/ThemeHouse/PostComments/_data/phrases.xml": "d1e335af362abf112312d108b0af031df684f91d7d77782b43b7f63f225219fc",
    "src/addons/ThemeHouse/PostComments/_data/rebuilds.xml": "9e63a580cce5c65864be60b75fed296416fc4084e4cde1039429c544f3630ba0",
    "src/addons/ThemeHouse/PostComments/_data/routes.xml": "550fa64f9feedf137dd877b38c2684f94474619d2d83890dbb717a91b50da8f5",
    "src/addons/ThemeHouse/PostComments/_data/style_properties.xml": "8b8690a8512f01f219dd2da76e3d0c5f62afc1f317b87794a7331c859c36a7a8",
    "src/addons/ThemeHouse/PostComments/_data/style_property_groups.xml": "68e1879cb3846c42d978487aa8d5145ff3335fc39e58016878824d5cf3fd684c",
    "src/addons/ThemeHouse/PostComments/_data/templates.xml": "4aeec74e67a3a4f6e3c2241a23818ee8a65f6d4f13faee2595eae64275f17c54",
    "src/addons/ThemeHouse/PostComments/_data/template_modifications.xml": "7e80e43e77051278b78a9e2f8dbc208c1bb01677a963450a64b2a74e0c7d36e7",
    "src/addons/ThemeHouse/PostComments/_data/widget_definitions.xml": "37e46965256430f24004c2e7f08ba08f9b0d1cbcc4d70e84b3f4e3ffb713e64b",
    "src/addons/ThemeHouse/PostComments/_data/widget_positions.xml": "a29cee66134f6bc5d75ed9df1eef21096c24401915c5b5c774389c3d7bb2d5b3"
}