<?xml version="1.0" encoding="utf-8"?>
<class_extensions>
  <extension from_class="XF\CustomField\Definition" to_class="FS\RegistrationSteps\XF\CustomField\Definition" execute_order="10" active="1"/>
  <extension from_class="XF\Entity\Thread" to_class="FS\RegistrationSteps\XF\Entity\Thread" execute_order="10" active="1"/>
  <extension from_class="XF\Entity\User" to_class="FS\RegistrationSteps\XF\Entity\User" execute_order="10" active="1"/>
  <extension from_class="XF\Entity\UserProfile" to_class="FS\RegistrationSteps\XF\Entity\UserProfile" execute_order="10" active="1"/>
  <extension from_class="XF\Pub\Controller\Account" to_class="FS\RegistrationSteps\XF\Pub\Controller\Account" execute_order="10" active="1"/>
  <extension from_class="XF\Pub\Controller\Help" to_class="FS\RegistrationSteps\XF\Pub\Controller\Help" execute_order="10" active="1"/>
  <extension from_class="XF\Pub\Controller\Register" to_class="FS\RegistrationSteps\XF\Pub\Controller\Register" execute_order="10" active="1"/>
  <extension from_class="XF\Service\User\Registration" to_class="FS\RegistrationSteps\XF\Service\User\Registration" execute_order="10" active="1"/>
</class_extensions>
