{
    "template": "user_edit",
    "description": "show_fields_to_admin_accourding_account_type",
    "execution_order": 10,
    "enabled": true,
    "action": "preg_replace",
    "find": "/<div class=\"block-body block-body--collapsible\">\n\t\t\t\t\t<xf:macro template=\"public:custom_fields_macros\" name=\"custom_fields_edit\".*?\t\t\t\t<\\/div>/is",
    "replace": "<div class=\"block-body block-body--collapsible\">\n\t<xf:if is=\"$user.account_type==1\">\n<xf:macro template=\"public:custom_fields_macros\" name=\"custom_fields_edit\"\n\t\targ-type=\"users\" arg-group=\"{{null}}\"\n\t\targ-set=\"{$user.Profile.getGroupTypeFields('hobbyist_fields')}\"\n\t\t arg-additionalFilters=\"{{ ['registration'] }}\"/>\n<xf:elseif is=\"$user.account_type==2\" />\n\t<xf:macro template=\"public:custom_fields_macros\" name=\"custom_fields_edit\"\n\t\targ-type=\"users\" arg-group=\"{{null}}\"\n\t\targ-set=\"{$user.Profile.getGroupTypeFields('provider_fields')}\"\n\t\t arg-additionalFilters=\"{{ ['registration'] }}\"/>\n\t</xf:if>\n<xf:macro template=\"public:register_custom_fields\" name=\"general_custom_fields_edit\"\n\t\targ-type=\"users\" arg-group=\"contact\"\n\t\targ-set=\"{$user.Profile.custom_fields}\"\n\t\t  arg-editMode=\"admin\"\n\t\t />\n</div>"
}