{
    "template": "user_edit",
    "description": "show_general_fields_to_admin_according_account_typ",
    "execution_order": 10,
    "enabled": true,
    "action": "preg_replace",
    "find": "/<xf:macro template=\"public:custom_fields_macros\" name=\"custom_fields_edit\"\n\t\t\t\t\t\targ-type=\"users\" arg-group=\"personal\" .*?\\/>/is",
    "replace": "<xf:macro template=\"public:register_custom_fields\" name=\"general_custom_fields_edit\"\n\t\targ-type=\"users\" arg-group=\"personal\"\n\t\targ-set=\"{$user.Profile.custom_fields}\"\n\t\t  arg-editMode=\"admin\"\n\t\t />"
}