<?xml version="1.0" encoding="utf-8"?>
<options>
  <option option_id="fs_threadHash_cron_active" edit_format="onoff" data_type="integer" validation_class="FS\ThreadHash\XF\Option\ThreadHashOption" validation_method="CronActive" advanced="0">
    <default_value>1</default_value>
    <relation group_id="fs_threadHash" display_order="0"/>
  </option>
  <option option_id="fs_threadHash_runRules_hours" edit_format="template" data_type="array" validation_class="FS\ThreadHash\XF\Option\ThreadHashOption" validation_method="CronTime" advanced="0">
    <default_value>[]</default_value>
    <edit_format_params>option_template_fs_threadHash_run_rules_hours</edit_format_params>
    <sub_options>*</sub_options>
    <relation group_id="fs_threadHash" display_order="2"/>
  </option>
  <option option_id="fs_threadHash_runRules_mins" edit_format="template" data_type="array" validation_class="FS\ThreadHash\XF\Option\ThreadHashOption" validation_method="CronMins" advanced="0">
    <default_value>[]</default_value>
    <edit_format_params>option_template_fs_threadHash_run_rules_mins</edit_format_params>
    <sub_options>*</sub_options>
    <relation group_id="fs_threadHash" display_order="3"/>
  </option>
  <option option_id="fs_threadHash_type_of_day" edit_format="template" data_type="array" validation_class="FS\ThreadHash\XF\Option\ThreadHashOption" validation_method="CronDayType" advanced="0">
    <default_value>{"type":"dom","day_type":"-1"}</default_value>
    <edit_format_params>option_template_fs_threadHash_type_of_day</edit_format_params>
    <sub_options>type
day_type</sub_options>
    <relation group_id="fs_threadHash" display_order="1"/>
  </option>
</options>
