{
    "src/addons/FS/DropdownReply/addon.json": "bde867bb237e4d697c792e818833ca3d08d3c74925461e0f4b9efbcbac22d146",
    "src/addons/FS/DropdownReply/Pub/Controller/dropdownReply.php": "6eb0a3e3bf85bcedceeb491f3f2e515a9394c5d4a608e6fb19617cb2d0b1d3db",
    "src/addons/FS/DropdownReply/Pub/Controller/Thread.php": "89ebf53e8574698a37d3c2a445f70812f0512430eae4cf4d48548f9a82f0f42e",
    "src/addons/FS/DropdownReply/Setup.php": "7bd7cc0b5a498151dc3f58aae94095e9a312cef1d865f7f7517483fa3373cf88",
    "src/addons/FS/DropdownReply/XF/Entity/Thread.php": "1a3b893b43ad7f2fd46241360fc772abcaad804863497ac289de0c95cca92779",
    "src/addons/FS/DropdownReply/_data/activity_summary_definitions.xml": "99d8c2563a31320d66f958fc8bda78613545f5f7959bb3cf5318805e3a3c39d2",
    "src/addons/FS/DropdownReply/_data/admin_navigation.xml": "064ec797484ac00d5ee37367b50b06846d11f480d00550997712707f8fdac8c0",
    "src/addons/FS/DropdownReply/_data/admin_permission.xml": "ec6fb97cebf0bceb24f1ed1d5778c1db54eeb7535fbb3e31d824840e7aa9ff87",
    "src/addons/FS/DropdownReply/_data/advertising_positions.xml": "d2f7cbe844bb1df3cf878d22ff6306249245c8ff6b0b87b9b729744bec538261",
    "src/addons/FS/DropdownReply/_data/api_scopes.xml": "6793eaf758f140e8137187ba20e65f4faccf53410433ae3ad7a8b3b38cb6b3b7",
    "src/addons/FS/DropdownReply/_data/bb_codes.xml": "faa4ddd5f4a365e5ac39aebdcbe2d25aedf74e7eb9ea4a812766e2fd5e13bdb1",
    "src/addons/FS/DropdownReply/_data/bb_code_media_sites.xml": "29762987990187b33e43cfb68c08dc917b2d3f0176613d78f8e6c453f82da3f3",
    "src/addons/FS/DropdownReply/_data/class_extensions.xml": "037c1eed6dce75a7dc405418709d9116b10c0bcf1163f040e9bc4069795af0d2",
    "src/addons/FS/DropdownReply/_data/code_events.xml": "8370dec3df47f91df4cf79da253446ad11b29f4ea568fe76c774e97a0379f0eb",
    "src/addons/FS/DropdownReply/_data/code_event_listeners.xml": "d6b5072f4909dee7a20ee9e44b163f95c8aa52e6ac7f573e292000cd9238c331",
    "src/addons/FS/DropdownReply/_data/content_type_fields.xml": "c7ad5472b28f465b7ac7617627707eba1b7a39d28089460d52e1ed292fc0b06a",
    "src/addons/FS/DropdownReply/_data/cron.xml": "323c4284742ef24329cd6db6f288eb9736d2353f36852e1db12591e1583aea26",
    "src/addons/FS/DropdownReply/_data/help_pages.xml": "a8a0c0b06cdc550438bc8a8d385af3e1e5ab3459877dfb934c1c31be59c89163",
    "src/addons/FS/DropdownReply/_data/member_stats.xml": "89fb2b93ff1eca7a1f6f752248edf6090dfd24037db1446fd18ff7143f08124d",
    "src/addons/FS/DropdownReply/_data/navigation.xml": "f75e1c03a45a360bbdfcd0567121665082315068475d5b0feb8b1acbb1688651",
    "src/addons/FS/DropdownReply/_data/options.xml": "1cea29aa5671733d85c8fc6f7c66128eacbca5643cbb38585eb82002879b51a4",
    "src/addons/FS/DropdownReply/_data/option_groups.xml": "154d7a89664b243d0bd8227c22e241f934bf7e196c83230ee23d3c0c4fba1333",
    "src/addons/FS/DropdownReply/_data/permissions.xml": "7e4fc7d5826733d15ea2d8936b9bdd41afcaad810eb38e50da3c8d8eafda1550",
    "src/addons/FS/DropdownReply/_data/permission_interface_groups.xml": "3177224e96458b829aa7fb24866dda9e0455a4922aee3d669b53f59a1ffdf5d1",
    "src/addons/FS/DropdownReply/_data/phrases.xml": "6e532c515321e7db218e4bccc7b60571f0a72ce0fa50f4c59f75b6b4ab71916b",
    "src/addons/FS/DropdownReply/_data/routes.xml": "638f83edcb14e6a0e69289de17a55a45d61321b3adb9eababf5e5a2a6c76d206",
    "src/addons/FS/DropdownReply/_data/style_properties.xml": "8b8690a8512f01f219dd2da76e3d0c5f62afc1f317b87794a7331c859c36a7a8",
    "src/addons/FS/DropdownReply/_data/style_property_groups.xml": "68e1879cb3846c42d978487aa8d5145ff3335fc39e58016878824d5cf3fd684c",
    "src/addons/FS/DropdownReply/_data/templates.xml": "0bc962c433cbfa3c4370b1e96d136a93baf381f8e7efd6c78352add612dbf9f5",
    "src/addons/FS/DropdownReply/_data/template_modifications.xml": "dcc4f76787c6a28db43ddcbd449299094b570a736ad09b6467d5eae5ee994f60",
    "src/addons/FS/DropdownReply/_data/widget_definitions.xml": "37e46965256430f24004c2e7f08ba08f9b0d1cbcc4d70e84b3f4e3ffb713e64b",
    "src/addons/FS/DropdownReply/_data/widget_positions.xml": "a29cee66134f6bc5d75ed9df1eef21096c24401915c5b5c774389c3d7bb2d5b3"
}