<?xml version="1.0" encoding="utf-8"?>
<templates>
  <template type="public" title="fs_advance_search_filter_macro" version_id="1020300" version_string="1.2.3 Alpha"><![CDATA[<xf:macro name="filters" arg-forum="!" arg-filters="!" arg-starterFilter="{{ null }}" arg-threadTypeFilter="{{ null }}">
	<xf:set var="$dateLimits" value="{{ {
		'-1': phrase('any_time'),
		'7': phrase('x_days', {'days': '7'}),
		'14': phrase('x_days', {'days': '14'}),
		'30': phrase('x_days', {'days': '30'}),
		'60': phrase('x_months', {'months': '2'}),
		'90': phrase('x_months', {'months': '3'}),
		'182': phrase('x_months', {'months': '6'}),
		'365': phrase('1_year')
	} }}" />
	<xf:extension name="start"></xf:extension>

	<xf:extension name="prefix_id">
		<xf:if is="$filters.prefix_id">
			<li><a href="{{ link('search/explore', $forum, $filters|replace('prefix_id', null)) }}"
				class="filterBar-filterToggle" data-xf-init="tooltip" title="{{ phrase('remove_this_filter')|for_attr }}">
				<span class="filterBar-filterToggle-label">{{ phrase('prefix:') }}</span>
				{{ prefix_title('thread', $filters.prefix_id) }}</a></li>
		</xf:if>
	</xf:extension>

	<xf:extension name="starter_id">
	
		<xf:if is="$filters.starter_id AND $starterFilter">
			<li><a href="{{ link('search/explore', $forum, $filters|replace('starter_id', null)) }}"
				class="filterBar-filterToggle" data-xf-init="tooltip" title="{{ phrase('remove_this_filter')|for_attr }}">
				<span class="filterBar-filterToggle-label">{{ phrase('started_by:') }}</span>
				 {$starterFilter.username}</a></li>
		</xf:if>
	</xf:extension>
	<xf:extension name="thread_type">
		<xf:if is="$filters.thread_type ">
			<li><a href="{{ link('search/explore', $forum, $filters|replace('thread_type', null)) }}"
				class="filterBar-filterToggle" data-xf-init="tooltip" title="{{ phrase('remove_this_filter')|for_attr }}">
				<span class="filterBar-filterToggle-label">{{ phrase('thread_type_filter:') }}</span>
				{{ phrase_dynamic('thread_type.'.$filters.thread_type) }}</a></li>
		</xf:if>
	</xf:extension>

	<xf:extension name="last_days">
		<xf:if is="$filters.last_days AND {$dateLimits.{$filters.last_days}}">
			<li><a href="{{ link('search/explore', $forum, $filters|replace('last_days', null)) }}"
				class="filterBar-filterToggle" data-xf-init="tooltip" title="{{ phrase('remove_this_filter')|for_attr }}">
				<span class="filterBar-filterToggle-label">{{ phrase('last_updated:') }}</span>
				{$dateLimits.{$filters.last_days}}</a></li>
		</xf:if>
	</xf:extension>

	<xf:extension name="order">
		<xf:if is="$filters.order">
			<li><a href="{{ link('search/explore', $forum, $filters|replace({'order': null, 'direction': null})) }}"
				class="filterBar-filterToggle" data-xf-init="tooltip" title="{{ phrase('return_to_default_order')|for_attr }}">
				<span class="filterBar-filterToggle-label">{{ phrase('sort_by:') }}</span>
				{{ phrase_dynamic('forum_sort.' . $filters.order) }}
				<xf:fa icon="{{ $filters.direction == 'asc' ? 'fa-angle-up' : 'fa-angle-down' }}" />
				<span class="u-srOnly"><xf:if is="$filters.direction == 'asc'">{{ phrase('ascending') }}<xf:else />{{ phrase('descending') }}</xf:if></span>
			</a></li>
		</xf:if>
	</xf:extension>

	<xf:extension name="end"></xf:extension>
</xf:macro>]]></template>
  <template type="public" title="fs_advance_search_node_filter" version_id="1020010" version_string="1.2.0 Alpha"><![CDATA[<xf:form action="{{ link('search/explore',$forum) }}">

	<xf:extension name="start"></xf:extension>
	<!--[XF:above_prefixes]-->
	<xf:if is="$prefixes is not empty">
		<div class="menu-row menu-row--separated">
			{{ phrase('prefix:') }}
			<div class="u-inputSpacer">
				<xf:macro template="prefix_macros" name="select"
					arg-prefixes="{$prefixes}"
					arg-type="thread"
					arg-selected="{{ $filters.prefix_id ? $filters.prefix_id : 0 }}"
					arg-name="prefix_id"
					arg-noneLabel="{{ phrase('(any)') }}" />
			</div>
		</div>
	</xf:if>
	<xf:extension name="before_started_by"></xf:extension>

<!--	[XF:above_started_by]-->
	<div class="menu-row menu-row--separated">
		<label for="ctrl_started_by">{{ phrase('started_by:') }}</label>
		<div class="u-inputSpacer">
			<xf:textbox name="starter" value="{{ $starterFilter ? $starterFilter.username : '' }}" ac="single"
				maxlength="{{ max_length($xf.visitor, 'username') }}" id="ctrl_started_by" />
		</div>
	</div>

	<xf:extension name="before_date_limit"></xf:extension>

<!--	[XF:above_last_updated]-->
	<div class="menu-row menu-row--separated">
		<label for="ctrl_last_updated">{{ phrase('last_updated:') }}</label>
		<div class="u-inputSpacer">
			<xf:if is="$filters.no_date_limit">
				<xf:set var="$lastDays" value="" />
			<xf:else />
				<xf:set var="$lastDays" value="{{ $filters.last_days  }}" />
			</xf:if>
			<xf:select name="last_days" value="{$lastDays}" id="ctrl_last_updated">
				<xf:option value="-1">{{ phrase('any_time') }}</xf:option>
				<xf:option value="7">{{ phrase('x_days', {'days': '7'}) }}</xf:option>
				<xf:option value="14">{{ phrase('x_days', {'days': '14'}) }}</xf:option>
				<xf:option value="30">{{ phrase('x_days', {'days': '30'}) }}</xf:option>
				<xf:option value="60">{{ phrase('x_months', {'months': '2'}) }}</xf:option>
				<xf:option value="90">{{ phrase('x_months', {'months': '3'}) }}</xf:option>
				<xf:option value="182">{{ phrase('x_months', {'months': '6'}) }}</xf:option>
				<xf:option value="365">{{ phrase('1_year') }}</xf:option>
			</xf:select>
		</div>
	</div>

	<xf:extension name="before_type"></xf:extension>

	<!--[XF:above_allowed_thread_types]-->
	<xf:if is="count($allowedThreadTypes) > 1">
		<div class="menu-row menu-row--separated">
			<label for="ctrl_thread_type">{{ phrase('thread_type_filter:') }}</label>
			<div class="u-inputSpacer">
				<xf:select name="thread_type" value="{$filters.thread_type}" id="ctrl_thread_type">
					<xf:option value="">{{ phrase('(any)') }}</xf:option>
					<xf:foreach loop="$allowedThreadTypes" key="$threadTypeId" value="$threadType">
						<xf:option value="{$threadType}">{{ phrase_dynamic('thread_type.'.{$threadType})}}</xf:option>
					</xf:foreach>
				</xf:select>
			</div>
		</div>
	</xf:if>

	<xf:extension name="before_sort"></xf:extension>

<!--	[XF:above_sort_by]-->
	<div class="menu-row menu-row--separated">
		{{ phrase('sort_by:') }}
		<div class="inputGroup u-inputSpacer">
			<span class="u-srOnly" id="ctrl_sort_by">{{ phrase('sort_order') }}</span>
			<xf:select name="order" value="{$filters.order}">
						<xf:option value="last_post_date" label="{{ phrase('last_message') }}" />
						<xf:option value="post_date" label="{{ phrase('start_date') }}" />
						<xf:option value="title" label="{{ phrase('title') }}" />
						<xf:option value="reply_count" label="{{ phrase('replies') }}" />
						<xf:option value="view_count" label="{{ phrase('views') }}" />
					</xf:select>
			<span class="inputGroup-splitter"></span>
			<span class="u-srOnly" id="ctrl_sort_direction">{{ phrase('sort_direction') }}</span>
			<xf:select name="direction" value="{{ $c.direction  }}" aria-labelledby="ctrl_sort_direction">
				<xf:option value="desc">{{ phrase('descending') }}</xf:option>
				<xf:option value="asc">{{ phrase('ascending') }}</xf:option>
			</xf:select>
		</div>
	</div>

	<xf:extension name="end"></xf:extension>

	<div class="menu-footer">
		<span class="menu-footer-controls">
			<xf:button type="submit" class="button--primary">{{ phrase('filter') }}</xf:button>
		</span>
	</div>
	<xf:hiddenval name="apply">1</xf:hiddenval>
</xf:form>]]></template>
  <template type="public" title="fs_node_search_filter_macro" version_id="1000010" version_string="1.0.0 Alpha"><![CDATA[<xf:macro name="filters" arg-forum="!" arg-filters="!" arg-starterFilter="{{ null }}" arg-threadTypeFilter="{{ null }}">
	<xf:set var="$dateLimits" value="{{ {
		'-1': phrase('any_time'),
		'7': phrase('x_days', {'days': '7'}),
		'14': phrase('x_days', {'days': '14'}),
		'30': phrase('x_days', {'days': '30'}),
		'60': phrase('x_months', {'months': '2'}),
		'90': phrase('x_months', {'months': '3'}),
		'182': phrase('x_months', {'months': '6'}),
		'365': phrase('1_year')
	} }}" />

	<xf:extension name="start"></xf:extension>

	<xf:extension name="prefix_id">
		<xf:if is="$filters.prefix_id">
			<li><a href="{{ link('search-forums/search', $forum, $filters|replace('prefix_id', null)) }}"
				class="filterBar-filterToggle" data-xf-init="tooltip" title="{{ phrase('remove_this_filter')|for_attr }}">
				<span class="filterBar-filterToggle-label">{{ phrase('prefix:') }}</span>
				{{ prefix_title('thread', $filters.prefix_id) }}</a></li>
		</xf:if>
	</xf:extension>

	<xf:extension name="starter_id">
	
		<xf:if is="$filters.starter_id AND $starterFilter">
			<li><a href="{{ link('search-forums/search', $forum, $filters|replace('starter_id', null)) }}"
				class="filterBar-filterToggle" data-xf-init="tooltip" title="{{ phrase('remove_this_filter')|for_attr }}">
				<span class="filterBar-filterToggle-label">{{ phrase('started_by:') }}</span>
				 {$starterFilter.username}</a></li>
		</xf:if>
	</xf:extension>
	<xf:extension name="thread_type">
		<xf:if is="$filters.thread_type ">
			<li><a href="{{ link('search-forums/search', $forum, $filters|replace('thread_type', null)) }}"
				class="filterBar-filterToggle" data-xf-init="tooltip" title="{{ phrase('remove_this_filter')|for_attr }}">
				<span class="filterBar-filterToggle-label">{{ phrase('thread_type_filter:') }}</span>
				{{ phrase_dynamic('thread_type.'.$filters.thread_type) }}</a></li>
		</xf:if>
	</xf:extension>

	<xf:extension name="last_days">
		<xf:if is="$filters.last_days AND {$dateLimits.{$filters.last_days}}">
			<li><a href="{{ link('search-forums/search', $forum, $filters|replace('last_days', null)) }}"
				class="filterBar-filterToggle" data-xf-init="tooltip" title="{{ phrase('remove_this_filter')|for_attr }}">
				<span class="filterBar-filterToggle-label">{{ phrase('last_updated:') }}</span>
				{$dateLimits.{$filters.last_days}}</a></li>
		</xf:if>
	</xf:extension>

	<xf:extension name="order">
		<xf:if is="$filters.order">
			<li><a href="{{ link('search-forums/search', $forum, $filters|replace({'order': null, 'direction': null})) }}"
				class="filterBar-filterToggle" data-xf-init="tooltip" title="{{ phrase('return_to_default_order')|for_attr }}">
				<span class="filterBar-filterToggle-label">{{ phrase('sort_by:') }}</span>
				{{ phrase_dynamic('forum_sort.' . $filters.order) }}
				<xf:fa icon="{{ $filters.direction == 'asc' ? 'fa-angle-up' : 'fa-angle-down' }}" />
				<span class="u-srOnly"><xf:if is="$filters.direction == 'asc'">{{ phrase('ascending') }}<xf:else />{{ phrase('descending') }}</xf:if></span>
			</a></li>
		</xf:if>
	</xf:extension>

	<xf:extension name="end"></xf:extension>
</xf:macro>]]></template>
  <template type="public" title="fs_searchNodeForum_search_filter" version_id="1000010" version_string="1.0.0 Alpha"><![CDATA[<xf:form action="{{ link('search-forums/search',$forum) }}">

	<xf:extension name="start"></xf:extension>
	<!--[XF:above_prefixes]-->
	<xf:if is="$prefixes is not empty">
		<div class="menu-row menu-row--separated">
			{{ phrase('prefix:') }}
			<div class="u-inputSpacer">
				<xf:macro template="prefix_macros" name="select"
					arg-prefixes="{$prefixes}"
					arg-type="thread"
					arg-selected="{{ $filters.prefix_id ? $filters.prefix_id : 0 }}"
					arg-name="prefix_id"
					arg-noneLabel="{{ phrase('(any)') }}" />
			</div>
		</div>
	</xf:if>
	<xf:extension name="before_started_by"></xf:extension>

<!--	[XF:above_started_by]-->
	<div class="menu-row menu-row--separated">
		<label for="ctrl_started_by">{{ phrase('started_by:') }}</label>
		<div class="u-inputSpacer">
			<xf:textbox name="starter" value="{{ $starterFilter ? $starterFilter.username : '' }}" ac="single"
				maxlength="{{ max_length($xf.visitor, 'username') }}" id="ctrl_started_by" />
		</div>
	</div>

	<xf:extension name="before_date_limit"></xf:extension>

<!--	[XF:above_last_updated]-->
	<div class="menu-row menu-row--separated">
		<label for="ctrl_last_updated">{{ phrase('last_updated:') }}</label>
		<div class="u-inputSpacer">
			<xf:if is="$filters.no_date_limit">
				<xf:set var="$lastDays" value="" />
			<xf:else />
				<xf:set var="$lastDays" value="{{ $filters.last_days  }}" />
			</xf:if>
			<xf:select name="last_days" value="{$lastDays}" id="ctrl_last_updated">
				<xf:option value="-1">{{ phrase('any_time') }}</xf:option>
				<xf:option value="7">{{ phrase('x_days', {'days': '7'}) }}</xf:option>
				<xf:option value="14">{{ phrase('x_days', {'days': '14'}) }}</xf:option>
				<xf:option value="30">{{ phrase('x_days', {'days': '30'}) }}</xf:option>
				<xf:option value="60">{{ phrase('x_months', {'months': '2'}) }}</xf:option>
				<xf:option value="90">{{ phrase('x_months', {'months': '3'}) }}</xf:option>
				<xf:option value="182">{{ phrase('x_months', {'months': '6'}) }}</xf:option>
				<xf:option value="365">{{ phrase('1_year') }}</xf:option>
			</xf:select>
		</div>
	</div>

	<xf:extension name="before_type"></xf:extension>

	<!--[XF:above_allowed_thread_types]-->
	<xf:if is="count($allowedThreadTypes) > 1">
		<div class="menu-row menu-row--separated">
			<label for="ctrl_thread_type">{{ phrase('thread_type_filter:') }}</label>
			<div class="u-inputSpacer">
				<xf:select name="thread_type" value="{$filters.thread_type}" id="ctrl_thread_type">
					<xf:option value="">{{ phrase('(any)') }}</xf:option>
					<xf:foreach loop="$allowedThreadTypes" key="$threadTypeId" value="$threadType">
						<xf:option value="{$threadType}">{{ phrase_dynamic('thread_type.'.{$threadType})}}</xf:option>
					</xf:foreach>
				</xf:select>
			</div>
		</div>
	</xf:if>

	<xf:extension name="before_sort"></xf:extension>

<!--	[XF:above_sort_by]-->
	<div class="menu-row menu-row--separated">
		{{ phrase('sort_by:') }}
		<div class="inputGroup u-inputSpacer">
			<span class="u-srOnly" id="ctrl_sort_by">{{ phrase('sort_order') }}</span>
			<xf:select name="order" value="{$filters.order}">
						<xf:option value="last_post_date" label="{{ phrase('last_message') }}" />
						<xf:option value="post_date" label="{{ phrase('start_date') }}" />
						<xf:option value="title" label="{{ phrase('title') }}" />
						<xf:option value="reply_count" label="{{ phrase('replies') }}" />
						<xf:option value="view_count" label="{{ phrase('views') }}" />
					</xf:select>
			<span class="inputGroup-splitter"></span>
			<span class="u-srOnly" id="ctrl_sort_direction">{{ phrase('sort_direction') }}</span>
			<xf:select name="direction" value="{{ $c.direction  }}" aria-labelledby="ctrl_sort_direction">
				<xf:option value="desc">{{ phrase('descending') }}</xf:option>
				<xf:option value="asc">{{ phrase('ascending') }}</xf:option>
			</xf:select>
		</div>
	</div>

	<xf:extension name="end"></xf:extension>

	<div class="menu-footer">
		<span class="menu-footer-controls">
			<xf:button type="submit" class="button--primary">{{ phrase('filter') }}</xf:button>
		</span>
	</div>
	<xf:hiddenval name="apply">1</xf:hiddenval>
</xf:form>]]></template>
</templates>
