{
    "email/fs_register_send_newAccount_mail.html": {
        "version_id": 1000600,
        "version_string": "1.0.6 Alpha",
        "hash": "dfe02f9bcce702ffb6ff3c943e73abaf"
    },
    "email/male_email_send_template.html": {
        "version_id": 1010100,
        "version_string": "1.1.1 Alpha",
        "hash": "3fb821a2492a31cb2e41165c2c0c54a8"
    },
    "public/forum_post_review_chooser.html": {
        "version_id": 1010100,
        "version_string": "1.1.1 Alpha",
        "hash": "72077a80fcb4f218326c75c767f2e5f2"
    },
    "public/fs_BitCoinPayment_deposit.html": {
        "version_id": 1010100,
        "version_string": "1.1.1 Alpha",
        "hash": "b322e21a6d421bfd7c138adeec9cd923"
    },
    "public/fs_register_attention_overlay.html": {
        "version_id": 1010100,
        "version_string": "1.1.1 Alpha",
        "hash": "b52fbdfe2f6397d7635191afb6f7cf09"
    },
    "public/fs_register_compliance.html": {
        "version_id": 1000200,
        "version_string": "1.0.2 Alpha",
        "hash": "c178a6ae9cdcd8796fa6580e3e53a6fb"
    },
    "public/fs_register_featured_ads.html": {
        "version_id": 1010100,
        "version_string": "1.1.1 Alpha",
        "hash": "9b3ae0156f842533a5ee5425737d0a99"
    },
    "public/fs_register_featured_overlay.html": {
        "version_id": 1010100,
        "version_string": "1.1.1 Alpha",
        "hash": "f9f6b2166db06b04b70b8c6fa32af24c"
    },
    "public/fs_register_mail_input.html": {
        "version_id": 1010100,
        "version_string": "1.1.1 Alpha",
        "hash": "2cc205284aea03d5f0e6d86892f02721"
    },
    "public/fs_register_premiuem.html": {
        "version_id": 1000800,
        "version_string": "1.0.8 Alpha",
        "hash": "cd09d0ce3348fa1bd3acd762acf1137b"
    },
    "public/fs_register_thread_overview_box.html": {
        "version_id": 1010100,
        "version_string": "1.1.1 Alpha",
        "hash": "bb69c16cf5bbd42adf24fd1dbe8111f1"
    },
    "public/fs_register_user_review_list.html": {
        "version_id": 1010100,
        "version_string": "1.1.1 Alpha",
        "hash": "79c3cab2814c66fa0acf171070891fd7"
    },
    "public/fs_register_vouch_list.html": {
        "version_id": 1010100,
        "version_string": "1.1.1 Alpha",
        "hash": "92f3b3f2ccfba091535075063c40a89e"
    },
    "public/fs_register_vouch_message.html": {
        "version_id": 1010100,
        "version_string": "1.1.1 Alpha",
        "hash": "7885461e49e0686cbbc88344f05f0abf"
    },
    "public/register_custom_fields.html": {
        "version_id": 1000900,
        "version_string": "1.0.9 Alpha",
        "hash": "e095d365749eb55c5bb49e77e787dbd4"
    },
    "public/regsitration_steps.less": {
        "version_id": 1010100,
        "version_string": "1.1.1 Alpha",
        "hash": "789b0fdbc506c1e7b4bd78ed2069c7f9"
    },
    "public/widget_featured_provider.html": {
        "version_id": 1010100,
        "version_string": "1.1.1 Alpha",
        "hash": "53ebdab6bda6b060402b9ad5a98c537a"
    },
    "public/widget_top_users.html": {
        "version_id": 1010100,
        "version_string": "1.1.1 Alpha",
        "hash": "e9e5b330876765ae8c9141f354bbe3ef"
    },
    "public/widget_user_statistics.html": {
        "version_id": 1010100,
        "version_string": "1.1.1 Alpha",
        "hash": "3e3a493684fe78f44d0948e6d5cf698f"
    }
}