<?xml version="1.0" encoding="utf-8"?>
<admin_navigation>
  <admin_navigation_entry navigation_id="xaScCategoryPermissions" parent_navigation_id="permissions" display_order="436" link="permissions/xa-sc-categories" admin_permission_id="showcase" debug_only="0" development_only="0" hide_no_children="0"/>
  <admin_navigation_entry navigation_id="xaScItemReplace" parent_navigation_id="xa_showcase" display_order="2100" link="xa-sc-item-replace" admin_permission_id="showcase" debug_only="0" development_only="0" hide_no_children="0"/>
  <admin_navigation_entry navigation_id="xaScOptions" parent_navigation_id="xa_showcase" display_order="5000" link="options/groups/xaShowcase/" admin_permission_id="showcase" debug_only="0" development_only="0" hide_no_children="0"/>
  <admin_navigation_entry navigation_id="xa_scBatchUpdateItems" parent_navigation_id="xa_showcase" display_order="2000" link="xa-sc/batch-update" admin_permission_id="showcase" debug_only="0" development_only="0" hide_no_children="0"/>
  <admin_navigation_entry navigation_id="xa_scCategories" parent_navigation_id="xa_showcase" display_order="100" link="xa-sc/categories" admin_permission_id="showcase" debug_only="0" development_only="0" hide_no_children="0"/>
  <admin_navigation_entry navigation_id="xa_scFeeds" parent_navigation_id="xa_showcase" display_order="1000" link="xa-sc/feeds" admin_permission_id="showcase" debug_only="0" development_only="0" hide_no_children="0"/>
  <admin_navigation_entry navigation_id="xa_scItemFields" parent_navigation_id="xa_showcase" display_order="300" link="xa-sc/item-fields" admin_permission_id="showcase" debug_only="0" development_only="0" hide_no_children="0"/>
  <admin_navigation_entry navigation_id="xa_scPrefixes" parent_navigation_id="xa_showcase" display_order="200" link="xa-sc/prefixes" admin_permission_id="showcase" debug_only="0" development_only="0" hide_no_children="0"/>
  <admin_navigation_entry navigation_id="xa_scReplyBans" parent_navigation_id="xa_showcase" display_order="3000" link="xa-sc/reply-bans" admin_permission_id="showcase" debug_only="0" development_only="0" hide_no_children="0"/>
  <admin_navigation_entry navigation_id="xa_scReviewFields" parent_navigation_id="xa_showcase" display_order="400" link="xa-sc/review-fields" admin_permission_id="showcase" debug_only="0" development_only="0" hide_no_children="0"/>
  <admin_navigation_entry navigation_id="xa_scUpdateFields" parent_navigation_id="xa_showcase" display_order="350" link="xa-sc/update-fields" admin_permission_id="showcase" debug_only="0" development_only="0" hide_no_children="0"/>
  <admin_navigation_entry navigation_id="xa_showcase" display_order="5746" link="xa-sc" icon="fa-images" admin_permission_id="showcase" debug_only="0" development_only="0" hide_no_children="0"/>
</admin_navigation>
