<?xml version="1.0" encoding="utf-8"?>
<bb_codes>
  <bb_code bb_code_id="showcase" bb_code_mode="callback" has_option="yes" callback_class="XenAddons\Showcase\BbCode\Showcase" callback_method="renderTagShowcase" option_regex="/^(?:item|page|series),\s?(\d+)$/i" trim_lines_after="1" plain_children="1" disable_smilies="0" disable_nl2br="1" disable_autolink="1" allow_empty="0" allow_signature="1" editor_icon_type="fa" editor_icon_value="images" active="1">
    <replace_html><![CDATA[]]></replace_html>
    <replace_html_email><![CDATA[]]></replace_html_email>
    <replace_text><![CDATA[]]></replace_text>
  </bb_code>
</bb_codes>
