<?xml version="1.0" encoding="utf-8"?>
<class_extensions>
  <extension from_class="XF\BbCode\ProcessorAction\AnalyzeUsage" to_class="XenAddons\Showcase\XF\BbCode\ProcessorAction\AnalyzeUsage" execute_order="10" active="1"/>
  <extension from_class="XF\Entity\Post" to_class="XenAddons\Showcase\XF\Entity\Post" execute_order="10" active="1"/>
  <extension from_class="XF\Entity\Thread" to_class="XenAddons\Showcase\XF\Entity\Thread" execute_order="10" active="1"/>
  <extension from_class="XF\Entity\User" to_class="XenAddons\Showcase\XF\Entity\User" execute_order="10" active="1"/>
  <extension from_class="XF\ForumType\Discussion" to_class="XenAddons\Showcase\XF\ForumType\Discussion" execute_order="10" active="1"/>
  <extension from_class="XF\Pub\Controller\GotoPage" to_class="XenAddons\Showcase\XF\Pub\Controller\GotoPage" execute_order="10" active="1"/>
  <extension from_class="XF\Pub\Controller\Post" to_class="XenAddons\Showcase\XF\Pub\Controller\Post" execute_order="10" active="1"/>
  <extension from_class="XF\Pub\Controller\Thread" to_class="XenAddons\Showcase\XF\Pub\Controller\Thread" execute_order="10" active="1"/>
  <extension from_class="XF\Pub\Controller\Watched" to_class="XenAddons\Showcase\XF\Pub\Controller\Watched" execute_order="10" active="1"/>
  <extension from_class="XF\Service\Message\Preparer" to_class="XenAddons\Showcase\XF\Service\Message\Preparer" execute_order="10" active="1"/>
</class_extensions>
