<?xml version="1.0" encoding="utf-8"?>
<code_event_listeners>
  <listener event_id="app_pub_start_end" execute_order="10" callback_class="XenAddons\Showcase\Listener" callback_method="appPubStartEnd" active="1" description="Sets up the unread items cache for the current visitor"/>
  <listener event_id="app_setup" execute_order="10" callback_class="XenAddons\Showcase\Listener" callback_method="appSetup" active="1" description="Sets up fundamental portions of the Showcase Item Management System for when needed."/>
  <listener event_id="criteria_page" execute_order="10" callback_class="XenAddons\Showcase\Listener" callback_method="criteriaPage" active="1" description="Add the showcase related page criteria."/>
  <listener event_id="criteria_template_data" execute_order="10" callback_class="XenAddons\Showcase\Listener" callback_method="criteriaTemplateData" active="1" description="Adds showcase category data to the helper_criteria_user template"/>
  <listener event_id="criteria_user" execute_order="10" callback_class="XenAddons\Showcase\Listener" callback_method="criteriaUser" active="1" description="Add showcase related criteria."/>
  <listener event_id="editor_dialog" execute_order="10" callback_class="XenAddons\Showcase\Listener" callback_method="editorDialog" active="1" hint="showcase" description="Add additional data and logic to the showcase editor dialog."/>
  <listener event_id="member_stat_result_prepare" execute_order="10" callback_class="XenAddons\Showcase\Listener" callback_method="memberStatResultPrepare" active="1" description="Formats the showcase member statistic sort orders"/>
  <listener event_id="navigation_setup" execute_order="10" callback_class="XenAddons\Showcase\Listener" callback_method="navigationSetup" active="1"/>
  <listener event_id="templater_macro_pre_render" execute_order="10" callback_class="XenAddons\Showcase\EventListener\MacroRender" callback_method="preRender" active="1" hint="admin:option_macros:option_form_block" description="Creates Tabbed Options for Showcase options group"/>
  <listener event_id="templater_setup" execute_order="10" callback_class="XenAddons\Showcase\Listener" callback_method="templaterSetup" active="1" description="Add the custom templater functions needed by the Showcase Item Management System."/>
  <listener event_id="templater_template_pre_render" execute_order="10" callback_class="XenAddons\Showcase\Listener" callback_method="templaterTemplatePreRenderPublicEditor" active="1" hint="public:editor" description="Extends the params passed into the public:editor template so that the custom BB code button can be disabled based on permissions"/>
  <listener event_id="user_content_change_init" execute_order="10" callback_class="XenAddons\Showcase\Listener" callback_method="userContentChangeInit" active="1" description="Register the updates that need to happen when a user is renamed, deleted, etc."/>
  <listener event_id="user_delete_clean_init" execute_order="10" callback_class="XenAddons\Showcase\Listener" callback_method="userDeleteCleanInit" active="1" description="Register the clean up queries that need to run when a user is deleted."/>
  <listener event_id="user_merge_combine" execute_order="10" callback_class="XenAddons\Showcase\Listener" callback_method="userMergeCombine" active="1" description="Allow the item count to be updated when merging users."/>
  <listener event_id="user_searcher_orders" execute_order="10" callback_class="XenAddons\Showcase\Listener" callback_method="userSearcherOrders" active="1" description="Add showcase item count to user searcher orders."/>
</code_event_listeners>
