<?xml version="1.0" encoding="utf-8"?>
<content_type_fields>
  <field content_type="sc_category" field_name="email_stop_class">XenAddons\Showcase\EmailStop\Category</field>
  <field content_type="sc_category" field_name="permission_handler_class">XenAddons\Showcase\Permission\CategoryPermissions</field>
  <field content_type="sc_category" field_name="phrase">xa_sc_item_category</field>
  <field content_type="sc_category" field_name="phrase_plural">xa_sc_item_categories</field>
  <field content_type="sc_category" field_name="sitemap_handler_class">XenAddons\Showcase\Sitemap\Category</field>
  <field content_type="sc_comment" field_name="alert_handler_class">XenAddons\Showcase\Alert\Comment</field>
  <field content_type="sc_comment" field_name="approval_queue_handler_class">XenAddons\Showcase\ApprovalQueue\Comment</field>
  <field content_type="sc_comment" field_name="attachment_handler_class">XenAddons\Showcase\Attachment\Comment</field>
  <field content_type="sc_comment" field_name="edit_history_handler_class">XenAddons\Showcase\EditHistory\Comment</field>
  <field content_type="sc_comment" field_name="entity">XenAddons\Showcase:Comment</field>
  <field content_type="sc_comment" field_name="find_new_handler_class">XenAddons\Showcase\FindNew\ItemComment</field>
  <field content_type="sc_comment" field_name="inline_mod_handler_class">XenAddons\Showcase\InlineMod\Comment</field>
  <field content_type="sc_comment" field_name="moderator_log_handler_class">XenAddons\Showcase\ModeratorLog\Comment</field>
  <field content_type="sc_comment" field_name="news_feed_handler_class">XenAddons\Showcase\NewsFeed\Comment</field>
  <field content_type="sc_comment" field_name="reaction_handler_class">XenAddons\Showcase\Reaction\Comment</field>
  <field content_type="sc_comment" field_name="report_handler_class">XenAddons\Showcase\Report\Comment</field>
  <field content_type="sc_comment" field_name="search_handler_class">XenAddons\Showcase\Search\Data\Comment</field>
  <field content_type="sc_comment" field_name="spam_handler_class">XenAddons\Showcase\Spam\Cleaner\Comment</field>
  <field content_type="sc_comment" field_name="warning_handler_class">XenAddons\Showcase\Warning\Comment</field>
  <field content_type="sc_item" field_name="alert_handler_class">XenAddons\Showcase\Alert\Item</field>
  <field content_type="sc_item" field_name="approval_queue_handler_class">XenAddons\Showcase\ApprovalQueue\Item</field>
  <field content_type="sc_item" field_name="attachment_handler_class">XenAddons\Showcase\Attachment\Item</field>
  <field content_type="sc_item" field_name="bookmark_handler_class">XenAddons\Showcase\Bookmark\Item</field>
  <field content_type="sc_item" field_name="edit_history_handler_class">XenAddons\Showcase\EditHistory\Item</field>
  <field content_type="sc_item" field_name="email_stop_class">XenAddons\Showcase\EmailStop\Item</field>
  <field content_type="sc_item" field_name="entity">XenAddons\Showcase:Item</field>
  <field content_type="sc_item" field_name="find_new_handler_class">XenAddons\Showcase\FindNew\Item</field>
  <field content_type="sc_item" field_name="inline_mod_handler_class">XenAddons\Showcase\InlineMod\Item</field>
  <field content_type="sc_item" field_name="moderator_log_handler_class">XenAddons\Showcase\ModeratorLog\Item</field>
  <field content_type="sc_item" field_name="news_feed_handler_class">XenAddons\Showcase\NewsFeed\Item</field>
  <field content_type="sc_item" field_name="phrase">sc_item</field>
  <field content_type="sc_item" field_name="phrase_plural">sc_items</field>
  <field content_type="sc_item" field_name="poll_handler_class">XenAddons\Showcase\Poll\Item</field>
  <field content_type="sc_item" field_name="reaction_handler_class">XenAddons\Showcase\Reaction\Item</field>
  <field content_type="sc_item" field_name="report_handler_class">XenAddons\Showcase\Report\Item</field>
  <field content_type="sc_item" field_name="search_handler_class">XenAddons\Showcase\Search\Data\Item</field>
  <field content_type="sc_item" field_name="sitemap_handler_class">XenAddons\Showcase\Sitemap\Item</field>
  <field content_type="sc_item" field_name="spam_handler_class">XenAddons\Showcase\Spam\Cleaner\Item</field>
  <field content_type="sc_item" field_name="stats_handler_class">XenAddons\Showcase\Stats\Item</field>
  <field content_type="sc_item" field_name="tag_handler_class">XenAddons\Showcase\Tag\Item</field>
  <field content_type="sc_item" field_name="warning_handler_class">XenAddons\Showcase\Warning\Item</field>
  <field content_type="sc_page" field_name="alert_handler_class">XenAddons\Showcase\Alert\Page</field>
  <field content_type="sc_page" field_name="attachment_handler_class">XenAddons\Showcase\Attachment\Page</field>
  <field content_type="sc_page" field_name="edit_history_handler_class">XenAddons\Showcase\EditHistory\ItemPage</field>
  <field content_type="sc_page" field_name="entity">XenAddons\Showcase:ItemPage</field>
  <field content_type="sc_page" field_name="moderator_log_handler_class">XenAddons\Showcase\ModeratorLog\ItemPage</field>
  <field content_type="sc_page" field_name="news_feed_handler_class">XenAddons\Showcase\NewsFeed\Page</field>
  <field content_type="sc_page" field_name="phrase">sc_page</field>
  <field content_type="sc_page" field_name="poll_handler_class">XenAddons\Showcase\Poll\ItemPage</field>
  <field content_type="sc_page" field_name="reaction_handler_class">XenAddons\Showcase\Reaction\Page</field>
  <field content_type="sc_page" field_name="report_handler_class">XenAddons\Showcase\Report\Page</field>
  <field content_type="sc_page" field_name="search_handler_class">XenAddons\Showcase\Search\Data\Page</field>
  <field content_type="sc_page" field_name="warning_handler_class">XenAddons\Showcase\Warning\Page</field>
  <field content_type="sc_rating" field_name="alert_handler_class">XenAddons\Showcase\Alert\Rating</field>
  <field content_type="sc_rating" field_name="approval_queue_handler_class">XenAddons\Showcase\ApprovalQueue\Rating</field>
  <field content_type="sc_rating" field_name="attachment_handler_class">XenAddons\Showcase\Attachment\Rating</field>
  <field content_type="sc_rating" field_name="content_vote_handler_class">XenAddons\Showcase\ContentVote\ItemRating</field>
  <field content_type="sc_rating" field_name="edit_history_handler_class">XenAddons\Showcase\EditHistory\Review</field>
  <field content_type="sc_rating" field_name="entity">XenAddons\Showcase:ItemRating</field>
  <field content_type="sc_rating" field_name="inline_mod_handler_class">XenAddons\Showcase\InlineMod\Rating</field>
  <field content_type="sc_rating" field_name="moderator_log_handler_class">XenAddons\Showcase\ModeratorLog\Rating</field>
  <field content_type="sc_rating" field_name="news_feed_handler_class">XenAddons\Showcase\NewsFeed\Rating</field>
  <field content_type="sc_rating" field_name="phrase">sc_rating</field>
  <field content_type="sc_rating" field_name="reaction_handler_class">XenAddons\Showcase\Reaction\Rating</field>
  <field content_type="sc_rating" field_name="report_handler_class">XenAddons\Showcase\Report\Rating</field>
  <field content_type="sc_rating" field_name="search_handler_class">XenAddons\Showcase\Search\Data\Rating</field>
  <field content_type="sc_rating" field_name="spam_handler_class">XenAddons\Showcase\Spam\Cleaner\Rating</field>
  <field content_type="sc_rating" field_name="warning_handler_class">XenAddons\Showcase\Warning\Rating</field>
  <field content_type="sc_rating_reply" field_name="alert_handler_class">XenAddons\Showcase\Alert\RatingReply</field>
  <field content_type="sc_rating_reply" field_name="approval_queue_handler_class">XenAddons\Showcase\ApprovalQueue\RatingReply</field>
  <field content_type="sc_rating_reply" field_name="entity">XenAddons\Showcase:ItemRatingReply</field>
  <field content_type="sc_rating_reply" field_name="moderator_log_handler_class">XenAddons\Showcase\ModeratorLog\RatingReply</field>
  <field content_type="sc_rating_reply" field_name="news_feed_handler_class">XenAddons\Showcase\NewsFeed\RatingReply</field>
  <field content_type="sc_rating_reply" field_name="phrase">sc_rating_reply</field>
  <field content_type="sc_rating_reply" field_name="phrase_plural">sc_rating_replies</field>
  <field content_type="sc_rating_reply" field_name="reaction_handler_class">XenAddons\Showcase\Reaction\RatingReply</field>
  <field content_type="sc_rating_reply" field_name="report_handler_class">XenAddons\Showcase\Report\RatingReply</field>
  <field content_type="sc_rating_reply" field_name="search_handler_class">XenAddons\Showcase\Search\Data\RatingReply</field>
  <field content_type="sc_rating_reply" field_name="spam_handler_class">XenAddons\Showcase\Spam\Cleaner\RatingReply</field>
  <field content_type="sc_rating_reply" field_name="warning_handler_class">XenAddons\Showcase\Warning\RatingReply</field>
  <field content_type="sc_series" field_name="alert_handler_class">XenAddons\Showcase\Alert\Series</field>
  <field content_type="sc_series" field_name="approval_queue_handler_class">XenAddons\Showcase\ApprovalQueue\Series</field>
  <field content_type="sc_series" field_name="attachment_handler_class">XenAddons\Showcase\Attachment\Series</field>
  <field content_type="sc_series" field_name="bookmark_handler_class">XenAddons\Showcase\Bookmark\Series</field>
  <field content_type="sc_series" field_name="edit_history_handler_class">XenAddons\Showcase\EditHistory\Series</field>
  <field content_type="sc_series" field_name="entity">XenAddons\Showcase:SeriesItem</field>
  <field content_type="sc_series" field_name="inline_mod_handler_class">XenAddons\Showcase\InlineMod\Series</field>
  <field content_type="sc_series" field_name="moderator_log_handler_class">XenAddons\Showcase\ModeratorLog\Series</field>
  <field content_type="sc_series" field_name="news_feed_handler_class">XenAddons\Showcase\NewsFeed\Series</field>
  <field content_type="sc_series" field_name="phrase">sc_series</field>
  <field content_type="sc_series" field_name="phrase_plural">sc_series</field>
  <field content_type="sc_series" field_name="poll_handler_class">XenAddons\Showcase\Poll\Series</field>
  <field content_type="sc_series" field_name="reaction_handler_class">XenAddons\Showcase\Reaction\Series</field>
  <field content_type="sc_series" field_name="report_handler_class">XenAddons\Showcase\Report\Series</field>
  <field content_type="sc_series" field_name="search_handler_class">XenAddons\Showcase\Search\Data\Series</field>
  <field content_type="sc_series" field_name="sitemap_handler_class">XenAddons\Showcase\Sitemap\Series</field>
  <field content_type="sc_series" field_name="tag_handler_class">XenAddons\Showcase\Tag\SeriesItem</field>
  <field content_type="sc_series" field_name="warning_handler_class">XenAddons\Showcase\Warning\Series</field>
  <field content_type="sc_series_part" field_name="alert_handler_class">XenAddons\Showcase\Alert\SeriesPart</field>
  <field content_type="sc_series_part" field_name="entity">XenAddons\Showcase:SeriesPart</field>
  <field content_type="sc_series_part" field_name="moderator_log_handler_class">XenAddons\Showcase\ModeratorLog\SeriesPart</field>
  <field content_type="sc_update" field_name="alert_handler_class">XenAddons\Showcase\Alert\ItemUpdate</field>
  <field content_type="sc_update" field_name="approval_queue_handler_class">XenAddons\Showcase\ApprovalQueue\ItemUpdate</field>
  <field content_type="sc_update" field_name="attachment_handler_class">XenAddons\Showcase\Attachment\ItemUpdate</field>
  <field content_type="sc_update" field_name="bookmark_handler_class">XenAddons\Showcase\Bookmark\ItemUpdate</field>
  <field content_type="sc_update" field_name="edit_history_handler_class">XenAddons\Showcase\EditHistory\ItemUpdate</field>
  <field content_type="sc_update" field_name="entity">XenAddons\Showcase:ItemUpdate</field>
  <field content_type="sc_update" field_name="inline_mod_handler_class">XenAddons\Showcase\InlineMod\ItemUpdate</field>
  <field content_type="sc_update" field_name="moderator_log_handler_class">XenAddons\Showcase\ModeratorLog\ItemUpdate</field>
  <field content_type="sc_update" field_name="news_feed_handler_class">XenAddons\Showcase\NewsFeed\ItemUpdate</field>
  <field content_type="sc_update" field_name="phrase">sc_update</field>
  <field content_type="sc_update" field_name="reaction_handler_class">XenAddons\Showcase\Reaction\ItemUpdate</field>
  <field content_type="sc_update" field_name="report_handler_class">XenAddons\Showcase\Report\ItemUpdate</field>
  <field content_type="sc_update" field_name="search_handler_class">XenAddons\Showcase\Search\Data\ItemUpdate</field>
  <field content_type="sc_update" field_name="spam_handler_class">XenAddons\Showcase\Spam\Cleaner\ItemUpdate</field>
  <field content_type="sc_update" field_name="warning_handler_class">XenAddons\Showcase\Warning\ItemUpdate</field>
  <field content_type="sc_update_reply" field_name="alert_handler_class">XenAddons\Showcase\Alert\ItemUpdateReply</field>
  <field content_type="sc_update_reply" field_name="approval_queue_handler_class">XenAddons\Showcase\ApprovalQueue\ItemUpdateReply</field>
  <field content_type="sc_update_reply" field_name="entity">XenAddons\Showcase:ItemUpdateReply</field>
  <field content_type="sc_update_reply" field_name="moderator_log_handler_class">XenAddons\Showcase\ModeratorLog\ItemUpdateReply</field>
  <field content_type="sc_update_reply" field_name="news_feed_handler_class">XenAddons\Showcase\NewsFeed\ItemUpdateReply</field>
  <field content_type="sc_update_reply" field_name="phrase">sc_update_reply</field>
  <field content_type="sc_update_reply" field_name="phrase_plural">sc_update_replies</field>
  <field content_type="sc_update_reply" field_name="reaction_handler_class">XenAddons\Showcase\Reaction\ItemUpdateReply</field>
  <field content_type="sc_update_reply" field_name="report_handler_class">XenAddons\Showcase\Report\ItemUpdateReply</field>
  <field content_type="sc_update_reply" field_name="search_handler_class">XenAddons\Showcase\Search\Data\ItemUpdateReply</field>
  <field content_type="sc_update_reply" field_name="spam_handler_class">XenAddons\Showcase\Spam\Cleaner\ItemUpdateReply</field>
  <field content_type="sc_update_reply" field_name="warning_handler_class">XenAddons\Showcase\Warning\ItemUpdateReply</field>
</content_type_fields>
