<?xml version="1.0" encoding="utf-8"?>
<member_stats>
  <member_stat member_stat_key="xa_sc_most_items" sort_order="xa_sc_item_count" sort_direction="desc" permission_limit="xa_showcase-view" show_value="1" user_limit="20" display_order="530" overview_display="1" active="1" cache_lifetime="60"><![CDATA[[]]]></member_stat>
  <member_stat member_stat_key="xa_sc_most_showcase_comments" sort_order="xa_sc_comment_count" sort_direction="desc" permission_limit="xa_showcase-view" show_value="1" user_limit="20" display_order="532" overview_display="1" active="1" cache_lifetime="60"><![CDATA[[]]]></member_stat>
  <member_stat member_stat_key="xa_sc_most_showcase_reviews" sort_order="xa_sc_review_count" sort_direction="desc" permission_limit="xa_showcase-view" show_value="1" user_limit="20" display_order="531" overview_display="1" active="1" cache_lifetime="60"><![CDATA[[]]]></member_stat>
  <member_stat member_stat_key="xa_sc_most_showcase_series" sort_order="xa_sc_series_count" sort_direction="desc" permission_limit="xa_showcase-view" show_value="1" user_limit="20" display_order="533" overview_display="1" active="1" cache_lifetime="60"><![CDATA[[]]]></member_stat>
</member_stats>
