<?xml version="1.0" encoding="utf-8"?>
<navigation>
  <navigation_entry navigation_id="xaScWhatsNewNewShowcaseItems" parent_navigation_id="whatsNew" display_order="800" navigation_type_id="basic" enabled="1"><![CDATA[{"link":"{{ link('whats-new\/showcase-items') }}","display_condition":"$xf.visitor.canViewShowcaseItems()","extra_attributes":{"rel":"nofollow"}}]]></navigation_entry>
  <navigation_entry navigation_id="xaScWhatsNewShowcaseComments" parent_navigation_id="whatsNew" display_order="900" navigation_type_id="basic" enabled="1"><![CDATA[{"link":"{{ link('whats-new\/showcase-comments') }}","display_condition":"$xf.visitor.canViewShowcaseItems() && $xf.visitor.canViewShowcaseComments()","extra_attributes":{"rel":"nofollow"}}]]></navigation_entry>
  <navigation_entry navigation_id="xa_scAuthorList" parent_navigation_id="xa_showcase" display_order="325" navigation_type_id="basic" enabled="1"><![CDATA[{"link":"{{ link('showcase\/authors') }}","display_condition":"$xf.options.xaScEnableAuthorList","extra_attributes":{"rel":"nofollow"}}]]></navigation_entry>
  <navigation_entry navigation_id="xa_scLatestContent" parent_navigation_id="xa_showcase" display_order="300" navigation_type_id="basic" enabled="1"><![CDATA[{"link":"{{ link('showcase\/latest-reviews') }}","display_condition":"","extra_attributes":[]}]]></navigation_entry>
  <navigation_entry navigation_id="xa_scLlatestReviews" parent_navigation_id="xa_scLatestContent" display_order="200" navigation_type_id="basic" enabled="1"><![CDATA[{"link":"{{ link('showcase\/latest-reviews') }}","display_condition":"","extra_attributes":{"rel":"nofollow"}}]]></navigation_entry>
  <navigation_entry navigation_id="xa_scLlatestUpdates" parent_navigation_id="xa_scLatestContent" display_order="100" navigation_type_id="basic" enabled="1"><![CDATA[{"link":"{{ link('showcase\/latest-updates') }}","display_condition":"","extra_attributes":{"rel":"nofollow"}}]]></navigation_entry>
  <navigation_entry navigation_id="xa_scMarkRead" parent_navigation_id="xa_showcase" display_order="700" navigation_type_id="basic" enabled="1"><![CDATA[{"link":"{{ link('showcase\/mark-read', null, {'date': $xf.time}) }}","display_condition":"$xf.visitor.user_id","extra_attributes":{"data-xf-click":"overlay"}}]]></navigation_entry>
  <navigation_entry navigation_id="xa_scNewComments" parent_navigation_id="xa_showcase" display_order="200" navigation_type_id="basic" enabled="1"><![CDATA[{"link":"{{ link('whats-new\/showcase-comments') }}","display_condition":"$xf.visitor.canViewShowcaseComments()","extra_attributes":{"rel":"nofollow"}}]]></navigation_entry>
  <navigation_entry navigation_id="xa_scNewItems" parent_navigation_id="xa_showcase" display_order="100" navigation_type_id="basic" enabled="1"><![CDATA[{"link":"{{ link('whats-new\/showcase-items') }}","display_condition":"","extra_attributes":{"rel":"nofollow"}}]]></navigation_entry>
  <navigation_entry navigation_id="xa_scSearchItems" parent_navigation_id="xa_showcase" display_order="600" navigation_type_id="basic" enabled="1"><![CDATA[{"link":"{{ link('search', null, {'type': 'sc_item'}) }}","display_condition":"$xf.visitor.canSearch()","extra_attributes":[]}]]></navigation_entry>
  <navigation_entry navigation_id="xa_scSeries" parent_navigation_id="xa_showcase" display_order="350" navigation_type_id="basic" enabled="1"><![CDATA[{"link":"{{ link('showcase\/series') }}","display_condition":"$xf.visitor.canViewShowcaseSeries()","extra_attributes":[]}]]></navigation_entry>
  <navigation_entry navigation_id="xa_scWatchedCategories" parent_navigation_id="xa_scWatchedContent" display_order="200" navigation_type_id="basic" enabled="1"><![CDATA[{"link":"{{ link('watched\/showcase-categories') }}","display_condition":"$xf.visitor.user_id","extra_attributes":[]}]]></navigation_entry>
  <navigation_entry navigation_id="xa_scWatchedContent" parent_navigation_id="xa_showcase" display_order="500" navigation_type_id="basic" enabled="1"><![CDATA[{"link":"{{ link('watched\/showcase-items') }}","display_condition":"$xf.visitor.user_id","extra_attributes":[]}]]></navigation_entry>
  <navigation_entry navigation_id="xa_scWatchedItems" parent_navigation_id="xa_scWatchedContent" display_order="100" navigation_type_id="basic" enabled="1"><![CDATA[{"link":"{{ link('watched\/showcase-items') }}","display_condition":"$xf.visitor.user_id","extra_attributes":[]}]]></navigation_entry>
  <navigation_entry navigation_id="xa_scWatchedSeries" parent_navigation_id="xa_scWatchedContent" display_order="300" navigation_type_id="basic" enabled="1"><![CDATA[{"link":"{{ link('watched\/showcase-series') }}","display_condition":"$xf.visitor.user_id","extra_attributes":[]}]]></navigation_entry>
  <navigation_entry navigation_id="xa_scYourContent" parent_navigation_id="xa_showcase" display_order="400" navigation_type_id="basic" enabled="1"><![CDATA[{"link":"{{ link('showcase\/authors', $xf.visitor) }}","display_condition":"$xf.visitor.user_id","extra_attributes":[]}]]></navigation_entry>
  <navigation_entry navigation_id="xa_scYourDrafts" parent_navigation_id="xa_scYourContent" display_order="300" navigation_type_id="basic" enabled="1"><![CDATA[{"link":"{{ link('showcase\/authors\/drafts', $xf.visitor) }}","display_condition":"$xf.visitor.user_id","extra_attributes":[]}]]></navigation_entry>
  <navigation_entry navigation_id="xa_scYourItemsAwaitingPublishing" parent_navigation_id="xa_scYourContent" display_order="200" navigation_type_id="basic" enabled="1"><![CDATA[{"link":"{{ link('showcase\/authors\/awaiting-publishing', $xf.visitor) }}","display_condition":"$xf.visitor.user_id","extra_attributes":[]}]]></navigation_entry>
  <navigation_entry navigation_id="xa_scYourPublishedItems" parent_navigation_id="xa_scYourContent" display_order="100" navigation_type_id="basic" enabled="1"><![CDATA[{"link":"{{ link('showcase\/authors', $xf.visitor) }}","display_condition":"$xf.visitor.user_id","extra_attributes":[]}]]></navigation_entry>
  <navigation_entry navigation_id="xa_scYourReviews" parent_navigation_id="xa_scYourContent" display_order="400" navigation_type_id="basic" enabled="1"><![CDATA[{"link":"{{ link('showcase\/authors\/reviews', $xf.visitor) }}","display_condition":"$xf.visitor.user_id","extra_attributes":[]}]]></navigation_entry>
  <navigation_entry navigation_id="xa_scYourSeries" parent_navigation_id="xa_scYourContent" display_order="500" navigation_type_id="basic" enabled="1"><![CDATA[{"link":"{{ link('showcase\/series', $xf.visitor, {'creator_id': $xf.visitor.user_id}) }}","display_condition":"$xf.visitor.user_id && $xf.visitor.hasShowcaseSeriesPermission('createSeries')","extra_attributes":[]}]]></navigation_entry>
  <navigation_entry navigation_id="xa_showcase" display_order="1100" navigation_type_id="basic" enabled="1"><![CDATA[{"link":"{{ link('showcase') }}","display_condition":"$xf.visitor.canViewShowcaseItems()","extra_attributes":[]}]]></navigation_entry>
</navigation>
