<?xml version="1.0" encoding="utf-8"?>
<permissions>
  <permission permission_group_id="forum" permission_id="convertPostToScReview" permission_type="flag" interface_group_id="forumModeratorPermissions" display_order="12042"/>
  <permission permission_group_id="forum" permission_id="convertPostToScUpdate" permission_type="flag" interface_group_id="forumModeratorPermissions" display_order="12041"/>
  <permission permission_group_id="forum" permission_id="convertTheadToScItem" permission_type="flag" interface_group_id="forumModeratorPermissions" display_order="12040"/>
  <permission permission_group_id="xa_showcase" permission_id="add" permission_type="flag" interface_group_id="xa_scItem" display_order="40"/>
  <permission permission_group_id="xa_showcase" permission_id="addComment" permission_type="flag" interface_group_id="xa_scComment" display_order="30"/>
  <permission permission_group_id="xa_showcase" permission_id="addCommentOwnItem" permission_type="flag" interface_group_id="xa_scComment" display_order="31"/>
  <permission permission_group_id="xa_showcase" permission_id="addCommentWithoutApproval" permission_type="flag" interface_group_id="xa_scComment" display_order="32"/>
  <permission permission_group_id="xa_showcase" permission_id="addPageOwnItem" permission_type="flag" interface_group_id="xa_scItem" display_order="41"/>
  <permission permission_group_id="xa_showcase" permission_id="addSeriesWithoutApproval" permission_type="flag" interface_group_id="xa_scSeries" display_order="40"/>
  <permission permission_group_id="xa_showcase" permission_id="addToCommunitySeries" permission_type="flag" interface_group_id="xa_scSeries" display_order="500"/>
  <permission permission_group_id="xa_showcase" permission_id="addUpdate" permission_type="flag" interface_group_id="xa_scItem" display_order="41"/>
  <permission permission_group_id="xa_showcase" permission_id="approveUnapprove" permission_type="flag" interface_group_id="xa_scItemModerator" display_order="10"/>
  <permission permission_group_id="xa_showcase" permission_id="approveUnapproveComment" permission_type="flag" interface_group_id="xa_scCommentModerator" display_order="40"/>
  <permission permission_group_id="xa_showcase" permission_id="approveUnapproveReview" permission_type="flag" interface_group_id="xa_scRatingModerator" display_order="30"/>
  <permission permission_group_id="xa_showcase" permission_id="approveUnapproveSeries" permission_type="flag" interface_group_id="xa_scSeriesModerator" display_order="10"/>
  <permission permission_group_id="xa_showcase" permission_id="contentVote" permission_type="flag" interface_group_id="xa_scRating" display_order="22"/>
  <permission permission_group_id="xa_showcase" permission_id="convertToThread" permission_type="flag" interface_group_id="xa_scItemModerator" display_order="2000"/>
  <permission permission_group_id="xa_showcase" permission_id="createSeries" permission_type="flag" interface_group_id="xa_scSeries" display_order="30"/>
  <permission permission_group_id="xa_showcase" permission_id="deleteAny" permission_type="flag" interface_group_id="xa_scItemModerator" display_order="30"/>
  <permission permission_group_id="xa_showcase" permission_id="deleteAnyComment" permission_type="flag" interface_group_id="xa_scCommentModerator" display_order="50"/>
  <permission permission_group_id="xa_showcase" permission_id="deleteAnyReview" permission_type="flag" interface_group_id="xa_scRatingModerator" display_order="40"/>
  <permission permission_group_id="xa_showcase" permission_id="deleteAnySeries" permission_type="flag" interface_group_id="xa_scSeriesModerator" display_order="30"/>
  <permission permission_group_id="xa_showcase" permission_id="deleteComment" permission_type="flag" interface_group_id="xa_scComment" display_order="60"/>
  <permission permission_group_id="xa_showcase" permission_id="deleteOwn" permission_type="flag" interface_group_id="xa_scItem" display_order="70"/>
  <permission permission_group_id="xa_showcase" permission_id="deleteOwnSeries" permission_type="flag" interface_group_id="xa_scSeries" display_order="70"/>
  <permission permission_group_id="xa_showcase" permission_id="deleteReview" permission_type="flag" interface_group_id="xa_scRating" display_order="65"/>
  <permission permission_group_id="xa_showcase" permission_id="deleteUpdateReply" permission_type="flag" interface_group_id="xa_scItem" display_order="34"/>
  <permission permission_group_id="xa_showcase" permission_id="editAny" permission_type="flag" interface_group_id="xa_scItemModerator" display_order="20"/>
  <permission permission_group_id="xa_showcase" permission_id="editAnyComment" permission_type="flag" interface_group_id="xa_scCommentModerator" display_order="45"/>
  <permission permission_group_id="xa_showcase" permission_id="editAnyReview" permission_type="flag" interface_group_id="xa_scRatingModerator" display_order="35"/>
  <permission permission_group_id="xa_showcase" permission_id="editAnySeries" permission_type="flag" interface_group_id="xa_scSeriesModerator" display_order="20"/>
  <permission permission_group_id="xa_showcase" permission_id="editComment" permission_type="flag" interface_group_id="xa_scComment" display_order="50"/>
  <permission permission_group_id="xa_showcase" permission_id="editOwn" permission_type="flag" interface_group_id="xa_scItem" display_order="60"/>
  <permission permission_group_id="xa_showcase" permission_id="editOwnCommentTimeLimit" permission_type="integer" interface_group_id="xa_scComment" display_order="65"/>
  <permission permission_group_id="xa_showcase" permission_id="editOwnItemTimeLimit" permission_type="integer" interface_group_id="xa_scItem" display_order="75"/>
  <permission permission_group_id="xa_showcase" permission_id="editOwnReplyTimeLimit" permission_type="integer" interface_group_id="xa_scItem" display_order="35"/>
  <permission permission_group_id="xa_showcase" permission_id="editOwnReviewTimeLimit" permission_type="integer" interface_group_id="xa_scRating" display_order="80"/>
  <permission permission_group_id="xa_showcase" permission_id="editOwnSeries" permission_type="flag" interface_group_id="xa_scSeries" display_order="60"/>
  <permission permission_group_id="xa_showcase" permission_id="editOwnSeriesTimeLimit" permission_type="integer" interface_group_id="xa_scSeries" display_order="75"/>
  <permission permission_group_id="xa_showcase" permission_id="editReview" permission_type="flag" interface_group_id="xa_scRating" display_order="60"/>
  <permission permission_group_id="xa_showcase" permission_id="editUpdateReply" permission_type="flag" interface_group_id="xa_scItem" display_order="33"/>
  <permission permission_group_id="xa_showcase" permission_id="featureUnfeature" permission_type="flag" interface_group_id="xa_scItemModerator" display_order="80"/>
  <permission permission_group_id="xa_showcase" permission_id="featureUnfeatureSeries" permission_type="flag" interface_group_id="xa_scSeriesModerator" display_order="80"/>
  <permission permission_group_id="xa_showcase" permission_id="hardDeleteAny" permission_type="flag" interface_group_id="xa_scItemModerator" display_order="32"/>
  <permission permission_group_id="xa_showcase" permission_id="hardDeleteAnyComment" permission_type="flag" interface_group_id="xa_scCommentModerator" display_order="60"/>
  <permission permission_group_id="xa_showcase" permission_id="hardDeleteAnyReview" permission_type="flag" interface_group_id="xa_scRatingModerator" display_order="60"/>
  <permission permission_group_id="xa_showcase" permission_id="hardDeleteAnySeries" permission_type="flag" interface_group_id="xa_scSeriesModerator" display_order="32"/>
  <permission permission_group_id="xa_showcase" permission_id="inlineMod" permission_type="flag" interface_group_id="xa_scItemModerator" display_order="1"/>
  <permission permission_group_id="xa_showcase" permission_id="inlineModComment" permission_type="flag" interface_group_id="xa_scCommentModerator" display_order="5"/>
  <permission permission_group_id="xa_showcase" permission_id="inlineModReview" permission_type="flag" interface_group_id="xa_scRatingModerator" display_order="5"/>
  <permission permission_group_id="xa_showcase" permission_id="inlineModSeries" permission_type="flag" interface_group_id="xa_scSeriesModerator" display_order="1"/>
  <permission permission_group_id="xa_showcase" permission_id="itemReplyBan" permission_type="flag" interface_group_id="xa_scItemModerator" display_order="120"/>
  <permission permission_group_id="xa_showcase" permission_id="lockUnlockCommentsOwn" permission_type="flag" interface_group_id="xa_scItem" display_order="110"/>
  <permission permission_group_id="xa_showcase" permission_id="lockUnlockRatingsOwn" permission_type="flag" interface_group_id="xa_scItem" display_order="112"/>
  <permission permission_group_id="xa_showcase" permission_id="manageAnyContributors" permission_type="flag" interface_group_id="xa_scItemModerator" display_order="1000"/>
  <permission permission_group_id="xa_showcase" permission_id="manageAnySeriesTag" permission_type="flag" interface_group_id="xa_scSeriesModerator" display_order="70"/>
  <permission permission_group_id="xa_showcase" permission_id="manageAnyTag" permission_type="flag" interface_group_id="xa_scItemModerator" display_order="70"/>
  <permission permission_group_id="xa_showcase" permission_id="manageOthersTagsOwnItem" permission_type="flag" interface_group_id="xa_scItem" display_order="87"/>
  <permission permission_group_id="xa_showcase" permission_id="manageOthersTagsOwnSeries" permission_type="flag" interface_group_id="xa_scSeries" display_order="100"/>
  <permission permission_group_id="xa_showcase" permission_id="manageOwnContributors" permission_type="flag" interface_group_id="xa_scItem" display_order="102"/>
  <permission permission_group_id="xa_showcase" permission_id="maxAttachPerItem" permission_type="integer" interface_group_id="xa_scItem" display_order="52"/>
  <permission permission_group_id="xa_showcase" permission_id="maxAttachPerSeries" permission_type="integer" interface_group_id="xa_scSeries" display_order="42"/>
  <permission permission_group_id="xa_showcase" permission_id="maxItemCount" permission_type="integer" interface_group_id="xa_scItem" display_order="42"/>
  <permission permission_group_id="xa_showcase" permission_id="maxSeriesCount" permission_type="integer" interface_group_id="xa_scSeries" display_order="35"/>
  <permission permission_group_id="xa_showcase" permission_id="postReviewWithoutApproval" permission_type="flag" interface_group_id="xa_scRating" display_order="25"/>
  <permission permission_group_id="xa_showcase" permission_id="rate" permission_type="flag" interface_group_id="xa_scRating" display_order="20"/>
  <permission permission_group_id="xa_showcase" permission_id="rateOwn" permission_type="flag" interface_group_id="xa_scRating" display_order="21"/>
  <permission permission_group_id="xa_showcase" permission_id="react" permission_type="flag" interface_group_id="xa_scItem" display_order="20"/>
  <permission permission_group_id="xa_showcase" permission_id="reactComment" permission_type="flag" interface_group_id="xa_scComment" display_order="20"/>
  <permission permission_group_id="xa_showcase" permission_id="reactReview" permission_type="flag" interface_group_id="xa_scRating" display_order="10"/>
  <permission permission_group_id="xa_showcase" permission_id="reactSeries" permission_type="flag" interface_group_id="xa_scSeries" display_order="20"/>
  <permission permission_group_id="xa_showcase" permission_id="reactUpdate" permission_type="flag" interface_group_id="xa_scItem" display_order="21"/>
  <permission permission_group_id="xa_showcase" permission_id="reassign" permission_type="flag" interface_group_id="xa_scItemModerator" display_order="50"/>
  <permission permission_group_id="xa_showcase" permission_id="reassignComment" permission_type="flag" interface_group_id="xa_scCommentModerator" display_order="70"/>
  <permission permission_group_id="xa_showcase" permission_id="reassignReview" permission_type="flag" interface_group_id="xa_scRatingModerator" display_order="70"/>
  <permission permission_group_id="xa_showcase" permission_id="reviewAnon" permission_type="flag" interface_group_id="xa_scRating" display_order="40"/>
  <permission permission_group_id="xa_showcase" permission_id="reviewMultiple" permission_type="flag" interface_group_id="xa_scRating" display_order="45"/>
  <permission permission_group_id="xa_showcase" permission_id="reviewReply" permission_type="flag" interface_group_id="xa_scRating" display_order="30"/>
  <permission permission_group_id="xa_showcase" permission_id="reviewReplyOwnItem" permission_type="flag" interface_group_id="xa_scRating" display_order="32"/>
  <permission permission_group_id="xa_showcase" permission_id="reviewReplyOwnReview" permission_type="flag" interface_group_id="xa_scRating" display_order="34"/>
  <permission permission_group_id="xa_showcase" permission_id="selfJoinContributors" permission_type="flag" interface_group_id="xa_scItem" display_order="100"/>
  <permission permission_group_id="xa_showcase" permission_id="setAuthorRatingOwn" permission_type="flag" interface_group_id="xa_scItem" display_order="55"/>
  <permission permission_group_id="xa_showcase" permission_id="submitWithoutApproval" permission_type="flag" interface_group_id="xa_scItem" display_order="45"/>
  <permission permission_group_id="xa_showcase" permission_id="tagAnyItem" permission_type="flag" interface_group_id="xa_scItem" display_order="86"/>
  <permission permission_group_id="xa_showcase" permission_id="tagAnySeries" permission_type="flag" interface_group_id="xa_scSeries" display_order="95"/>
  <permission permission_group_id="xa_showcase" permission_id="tagOwnItem" permission_type="flag" interface_group_id="xa_scItem" display_order="85"/>
  <permission permission_group_id="xa_showcase" permission_id="tagOwnSeries" permission_type="flag" interface_group_id="xa_scSeries" display_order="90"/>
  <permission permission_group_id="xa_showcase" permission_id="undelete" permission_type="flag" interface_group_id="xa_scItemModerator" display_order="35"/>
  <permission permission_group_id="xa_showcase" permission_id="undeleteComment" permission_type="flag" interface_group_id="xa_scCommentModerator" display_order="55"/>
  <permission permission_group_id="xa_showcase" permission_id="undeleteReview" permission_type="flag" interface_group_id="xa_scRatingModerator" display_order="50"/>
  <permission permission_group_id="xa_showcase" permission_id="undeleteSeries" permission_type="flag" interface_group_id="xa_scSeriesModerator" display_order="35"/>
  <permission permission_group_id="xa_showcase" permission_id="updateReply" permission_type="flag" interface_group_id="xa_scItem" display_order="30"/>
  <permission permission_group_id="xa_showcase" permission_id="uploadCommentAttach" permission_type="flag" interface_group_id="xa_scComment" display_order="40"/>
  <permission permission_group_id="xa_showcase" permission_id="uploadCommentVideo" permission_type="flag" interface_group_id="xa_scComment" display_order="41"/>
  <permission permission_group_id="xa_showcase" permission_id="uploadItemAttach" permission_type="flag" interface_group_id="xa_scItem" display_order="50"/>
  <permission permission_group_id="xa_showcase" permission_id="uploadItemVideo" permission_type="flag" interface_group_id="xa_scItem" display_order="51"/>
  <permission permission_group_id="xa_showcase" permission_id="uploadReviewAttach" permission_type="flag" interface_group_id="xa_scRating" display_order="50"/>
  <permission permission_group_id="xa_showcase" permission_id="uploadReviewVideo" permission_type="flag" interface_group_id="xa_scRating" display_order="51"/>
  <permission permission_group_id="xa_showcase" permission_id="uploadSeriesAttach" permission_type="flag" interface_group_id="xa_scSeries" display_order="40"/>
  <permission permission_group_id="xa_showcase" permission_id="uploadSeriesVideo" permission_type="flag" interface_group_id="xa_scSeries" display_order="41"/>
  <permission permission_group_id="xa_showcase" permission_id="view" permission_type="flag" interface_group_id="xa_scItem" display_order="1"/>
  <permission permission_group_id="xa_showcase" permission_id="viewCommentAttach" permission_type="flag" interface_group_id="xa_scComment" display_order="10"/>
  <permission permission_group_id="xa_showcase" permission_id="viewComments" permission_type="flag" interface_group_id="xa_scComment" display_order="5"/>
  <permission permission_group_id="xa_showcase" permission_id="viewDeleted" permission_type="flag" interface_group_id="xa_scItemModerator" display_order="7"/>
  <permission permission_group_id="xa_showcase" permission_id="viewDeletedComments" permission_type="flag" interface_group_id="xa_scCommentModerator" display_order="20"/>
  <permission permission_group_id="xa_showcase" permission_id="viewDeletedReviews" permission_type="flag" interface_group_id="xa_scRatingModerator" display_order="20"/>
  <permission permission_group_id="xa_showcase" permission_id="viewDeletedSeries" permission_type="flag" interface_group_id="xa_scSeriesModerator" display_order="7"/>
  <permission permission_group_id="xa_showcase" permission_id="viewDraft" permission_type="flag" interface_group_id="xa_scItemModerator" display_order="9"/>
  <permission permission_group_id="xa_showcase" permission_id="viewFull" permission_type="flag" interface_group_id="xa_scItem" display_order="5"/>
  <permission permission_group_id="xa_showcase" permission_id="viewItemAttach" permission_type="flag" interface_group_id="xa_scItem" display_order="10"/>
  <permission permission_group_id="xa_showcase" permission_id="viewItemMap" permission_type="flag" interface_group_id="xa_scItem" display_order="15"/>
  <permission permission_group_id="xa_showcase" permission_id="viewModerated" permission_type="flag" interface_group_id="xa_scItemModerator" display_order="5"/>
  <permission permission_group_id="xa_showcase" permission_id="viewModeratedComments" permission_type="flag" interface_group_id="xa_scCommentModerator" display_order="10"/>
  <permission permission_group_id="xa_showcase" permission_id="viewModeratedReviews" permission_type="flag" interface_group_id="xa_scRatingModerator" display_order="10"/>
  <permission permission_group_id="xa_showcase" permission_id="viewModeratedSeries" permission_type="flag" interface_group_id="xa_scSeriesModerator" display_order="5"/>
  <permission permission_group_id="xa_showcase" permission_id="viewMultiMarkerMaps" permission_type="flag" interface_group_id="xa_scItem" display_order="16"/>
  <permission permission_group_id="xa_showcase" permission_id="viewReviewAttach" permission_type="flag" interface_group_id="xa_scRating" display_order="5"/>
  <permission permission_group_id="xa_showcase" permission_id="viewReviews" permission_type="flag" interface_group_id="xa_scRating" display_order="1"/>
  <permission permission_group_id="xa_showcase" permission_id="viewSeries" permission_type="flag" interface_group_id="xa_scSeries" display_order="5"/>
  <permission permission_group_id="xa_showcase" permission_id="viewSeriesAttach" permission_type="flag" interface_group_id="xa_scSeries" display_order="10"/>
  <permission permission_group_id="xa_showcase" permission_id="viewUpdateAttach" permission_type="flag" interface_group_id="xa_scItem" display_order="13"/>
  <permission permission_group_id="xa_showcase" permission_id="viewUpdates" permission_type="flag" interface_group_id="xa_scItem" display_order="12"/>
  <permission permission_group_id="xa_showcase" permission_id="votePoll" permission_type="flag" interface_group_id="xa_scItem" display_order="22"/>
  <permission permission_group_id="xa_showcase" permission_id="votePollSeries" permission_type="flag" interface_group_id="xa_scSeries" display_order="400"/>
  <permission permission_group_id="xa_showcase" permission_id="warn" permission_type="flag" interface_group_id="xa_scItemModerator" display_order="110"/>
  <permission permission_group_id="xa_showcase" permission_id="warnComment" permission_type="flag" interface_group_id="xa_scCommentModerator" display_order="80"/>
  <permission permission_group_id="xa_showcase" permission_id="warnReview" permission_type="flag" interface_group_id="xa_scRatingModerator" display_order="80"/>
  <permission permission_group_id="xa_showcase" permission_id="warnSeries" permission_type="flag" interface_group_id="xa_scSeriesModerator" display_order="110"/>
</permissions>
