<?xml version="1.0" encoding="utf-8"?>
<class_extensions>
  <extension from_class="XF\Admin\Controller\Banning" to_class="FS\EncryptIp\XF\Admin\Controller\Banning" execute_order="10" active="1"/>
  <extension from_class="XF\Entity\Ip" to_class="FS\EncryptIp\XF\Entity\Ip" execute_order="10" active="1"/>
  <extension from_class="XF\Entity\IpMatch" to_class="FS\EncryptIp\XF\Entity\IpMatch" execute_order="10" active="1"/>
  <extension from_class="XF\Http\Request" to_class="FS\EncryptIp\XF\Http\Request" execute_order="10" active="1"/>
  <extension from_class="XF\Pub\Controller\Member" to_class="FS\EncryptIp\XF\Pub\Controller\Member" execute_order="10" active="1"/>
  <extension from_class="XF\Pub\Controller\Misc" to_class="FS\EncryptIp\XF\Pub\Controller\Misc" execute_order="10" active="1"/>
  <extension from_class="XF\Repository\Banning" to_class="FS\EncryptIp\XF\Repository\Banning" execute_order="10" active="1"/>
  <extension from_class="XF\Repository\Ip" to_class="FS\EncryptIp\XF\Repository\Ip" execute_order="10" active="1"/>
</class_extensions>
