{
    "src/addons/FS/ThreadHash/addon.json": "b5d621046f0e82778a3b594929cbd8c634901a2a3958222aed304a4a782add6d",
    "src/addons/FS/ThreadHash/Cron/UpdateHash.php": "b92894dfefe7a202b7d8293f7212a14753a58b368b3177b627a6accb8d470d36",
    "src/addons/FS/ThreadHash/Service/HashGenerator.php": "26f6ffbf81e00bb6ef4726b243aa1d3058b0e50fae8aea50920b25c7c9344613",
    "src/addons/FS/ThreadHash/Setup.php": "a1421b4f05ef8790560aec046ad634afc9eab2024daad558a3bb3dba02eec461",
    "src/addons/FS/ThreadHash/XF/Entity/Thread.php": "dd579042931951b63a81d2215e1db003943a0611b63d8bdcc8e12359c775c521",
    "src/addons/FS/ThreadHash/XF/Mvc/Dispatcher.php": "846b972c38dcab6766ce43e73af979e5c648954b3620a8ca9876a38e0aa2db01",
    "src/addons/FS/ThreadHash/XF/Mvc/Router.php": "c3c588088f097fef11aa77247edf262d1d668cf33f5a36807acd6d81af36ee05",
    "src/addons/FS/ThreadHash/XF/Option/ThreadHashOption.php": "278ab90127cdfc0c955219fe6b35fd74567d6efe4c9c830140b740dfa68f4369",
    "src/addons/FS/ThreadHash/_data/activity_summary_definitions.xml": "99d8c2563a31320d66f958fc8bda78613545f5f7959bb3cf5318805e3a3c39d2",
    "src/addons/FS/ThreadHash/_data/admin_navigation.xml": "064ec797484ac00d5ee37367b50b06846d11f480d00550997712707f8fdac8c0",
    "src/addons/FS/ThreadHash/_data/admin_permission.xml": "ec6fb97cebf0bceb24f1ed1d5778c1db54eeb7535fbb3e31d824840e7aa9ff87",
    "src/addons/FS/ThreadHash/_data/advertising_positions.xml": "d2f7cbe844bb1df3cf878d22ff6306249245c8ff6b0b87b9b729744bec538261",
    "src/addons/FS/ThreadHash/_data/api_scopes.xml": "6793eaf758f140e8137187ba20e65f4faccf53410433ae3ad7a8b3b38cb6b3b7",
    "src/addons/FS/ThreadHash/_data/bb_codes.xml": "faa4ddd5f4a365e5ac39aebdcbe2d25aedf74e7eb9ea4a812766e2fd5e13bdb1",
    "src/addons/FS/ThreadHash/_data/bb_code_media_sites.xml": "29762987990187b33e43cfb68c08dc917b2d3f0176613d78f8e6c453f82da3f3",
    "src/addons/FS/ThreadHash/_data/class_extensions.xml": "b2b01ea6515e7a237428a9f910afc310c37796c41773e482fb9432c99ff77bf5",
    "src/addons/FS/ThreadHash/_data/code_events.xml": "8370dec3df47f91df4cf79da253446ad11b29f4ea568fe76c774e97a0379f0eb",
    "src/addons/FS/ThreadHash/_data/code_event_listeners.xml": "d6b5072f4909dee7a20ee9e44b163f95c8aa52e6ac7f573e292000cd9238c331",
    "src/addons/FS/ThreadHash/_data/content_type_fields.xml": "c7ad5472b28f465b7ac7617627707eba1b7a39d28089460d52e1ed292fc0b06a",
    "src/addons/FS/ThreadHash/_data/cron.xml": "1b4dea9e1de847191ed3e2bf2501a5775f008e056e09aadd28a972bc3ba1bb7e",
    "src/addons/FS/ThreadHash/_data/help_pages.xml": "a8a0c0b06cdc550438bc8a8d385af3e1e5ab3459877dfb934c1c31be59c89163",
    "src/addons/FS/ThreadHash/_data/member_stats.xml": "89fb2b93ff1eca7a1f6f752248edf6090dfd24037db1446fd18ff7143f08124d",
    "src/addons/FS/ThreadHash/_data/navigation.xml": "f75e1c03a45a360bbdfcd0567121665082315068475d5b0feb8b1acbb1688651",
    "src/addons/FS/ThreadHash/_data/options.xml": "974d411dc65e748772f693a7c3d88cac93fccdb1bee88fd4848a7834af3fb166",
    "src/addons/FS/ThreadHash/_data/option_groups.xml": "d0a36c7c18b6ec0138a784e3cd46e2c4b149f36908c9bfd6a8b6fc8f2cb34208",
    "src/addons/FS/ThreadHash/_data/permissions.xml": "7e4fc7d5826733d15ea2d8936b9bdd41afcaad810eb38e50da3c8d8eafda1550",
    "src/addons/FS/ThreadHash/_data/permission_interface_groups.xml": "3177224e96458b829aa7fb24866dda9e0455a4922aee3d669b53f59a1ffdf5d1",
    "src/addons/FS/ThreadHash/_data/phrases.xml": "6d374e796b126ad44e7dcd1e6ca0d115775adc41b9eaac46947662ec7ba69ed3",
    "src/addons/FS/ThreadHash/_data/routes.xml": "550fa64f9feedf137dd877b38c2684f94474619d2d83890dbb717a91b50da8f5",
    "src/addons/FS/ThreadHash/_data/style_properties.xml": "8b8690a8512f01f219dd2da76e3d0c5f62afc1f317b87794a7331c859c36a7a8",
    "src/addons/FS/ThreadHash/_data/style_property_groups.xml": "68e1879cb3846c42d978487aa8d5145ff3335fc39e58016878824d5cf3fd684c",
    "src/addons/FS/ThreadHash/_data/templates.xml": "d2d54b61298a1f5388418e96905b9d23e82ed0610a9bcf692c68550f4f2f24f3",
    "src/addons/FS/ThreadHash/_data/template_modifications.xml": "3b54b7df00a6a4a18c5e012b6e2588e35c23aaa13a5fc227f08646a97590d778",
    "src/addons/FS/ThreadHash/_data/widget_definitions.xml": "37e46965256430f24004c2e7f08ba08f9b0d1cbcc4d70e84b3f4e3ffb713e64b",
    "src/addons/FS/ThreadHash/_data/widget_positions.xml": "a29cee66134f6bc5d75ed9df1eef21096c24401915c5b5c774389c3d7bb2d5b3"
}