{
    "src/addons/FS/RegistrationSteps/addon.json": "b68a4373f29392fb6476d422c0b534af1601afb4d7ee89e3bd2f14e26467afc6",
    "src/addons/FS/RegistrationSteps/Entity/Appointment.php": "1cd7b0975c5d26923ef966630fc7260065a974c3520539d61c14889a09515f49",
    "src/addons/FS/RegistrationSteps/Entity/Vouch.php": "a0a64031fffe0801abfae26b499441164f84357b20dd7b36a40c402025d07709",
    "src/addons/FS/RegistrationSteps/Listener.php": "b6da0a413e5e61c1391ea76ed93a058037f69ffc549aaf66518a39a69abbe7e4",
    "src/addons/FS/RegistrationSteps/Setup.php": "840d486043f9952841cd257d9b61ac4746a9227bc75b3f7099e417e756989812",
    "src/addons/FS/RegistrationSteps/Widget/FeaturedProvider.php": "3dccd6dc5ddd4a0f9d9351d9fdb4d8803dbaa357e61ee18dae50df1c9f226cc1",
    "src/addons/FS/RegistrationSteps/Widget/TopUsers.php": "060eafa1b9af1292f3667cdd23b47411981eb5e04c305c8d2b24346c6fd29bfc",
    "src/addons/FS/RegistrationSteps/Widget/UserStates.php": "b2c152b42478b580ea6823a02889b4fee6bcb005cdb6361d270cafcda224e813",
    "src/addons/FS/RegistrationSteps/XF/Admin/Controller/User.php": "39aaa65508a7b252efe3bacbbf265f05720acb695f701b1fcd74d9f38bd7aa2d",
    "src/addons/FS/RegistrationSteps/XF/CustomField/Definition.php": "7a05379065c5267360eb918411c958ef36306aff6c5a0a5a9d022d54703cc855",
    "src/addons/FS/RegistrationSteps/XF/Entity/Forum.php": "3a68c1308e72264e85e284a5cdf543bc4ea300109440c96e2e44375e84379a1d",
    "src/addons/FS/RegistrationSteps/XF/Entity/Thread.php": "c19ae2ed32434b9c7090ad04eb0ea5d7c5e03c48f96114438242003dc02f701f",
    "src/addons/FS/RegistrationSteps/XF/Entity/User.php": "ba4ce1dcaee1b723d90f6e2070061c169aaa683e8b5ea2029cc53fc71a02aa7b",
    "src/addons/FS/RegistrationSteps/XF/Entity/UserProfile.php": "ce8f5ea1317516986d7749f46aee5a1f09a74de322aea5dccddd4c7d00dd6bca",
    "src/addons/FS/RegistrationSteps/XF/Pub/Controller/Account.php": "2bb63f1c7b456f40cfd1f06368a60cc311e76715bbe63542fffcf18ae26e4f40",
    "src/addons/FS/RegistrationSteps/XF/Pub/Controller/Forum.php": "2240c6b5fd3e4777b7ad8b3deeea9d13f480ade84f52358a21063383080d1a5d",
    "src/addons/FS/RegistrationSteps/XF/Pub/Controller/Help.php": "54dea464c28fead858107aeab9d37a4afefc458bdb93783f5a1bbfbe889a922a",
    "src/addons/FS/RegistrationSteps/XF/Pub/Controller/Member.php": "66dd4c4957b89bec72c7dc8b5f1c45a566eb7b95d850735b98caedd75616d571",
    "src/addons/FS/RegistrationSteps/XF/Pub/Controller/Register.php": "076719b52e26a1ec4a5b25685da3b7a3e255f746cb66ce63f872530cdce5ab83",
    "src/addons/FS/RegistrationSteps/XF/Pub/Controller/Thread.php": "3e581ca8284e5ccdb935db911cf73dc69324720a4cc3864a53b08e63231073c8",
    "src/addons/FS/RegistrationSteps/XF/Service/Thread/Account.php": "3f43048f9d6c37c8ee857ce2cd6401a18d4b9e88ff091042e2e9fd5e25a9e25e",
    "src/addons/FS/RegistrationSteps/XF/Service/Thread/Creator.php": "2ff51854bd04aab39538fdf56b920ec5c1901a6d65671030f5afeaca233dfa41",
    "src/addons/FS/RegistrationSteps/XF/Service/Thread/Forum.php": "107f5b69c48fbb7767e9f2e1d6f6dd00e9328703dc78ae54afe342a3bd0cd70b",
    "src/addons/FS/RegistrationSteps/XF/Service/User/Registration.php": "53940e38eff0387a97120c2fe0aa4d09e7e8ad586e0ceb5ec0e8d93de390b3cd",
    "src/addons/FS/RegistrationSteps/_data/activity_summary_definitions.xml": "99d8c2563a31320d66f958fc8bda78613545f5f7959bb3cf5318805e3a3c39d2",
    "src/addons/FS/RegistrationSteps/_data/admin_navigation.xml": "064ec797484ac00d5ee37367b50b06846d11f480d00550997712707f8fdac8c0",
    "src/addons/FS/RegistrationSteps/_data/admin_permission.xml": "ec6fb97cebf0bceb24f1ed1d5778c1db54eeb7535fbb3e31d824840e7aa9ff87",
    "src/addons/FS/RegistrationSteps/_data/advertising_positions.xml": "d2f7cbe844bb1df3cf878d22ff6306249245c8ff6b0b87b9b729744bec538261",
    "src/addons/FS/RegistrationSteps/_data/api_scopes.xml": "6793eaf758f140e8137187ba20e65f4faccf53410433ae3ad7a8b3b38cb6b3b7",
    "src/addons/FS/RegistrationSteps/_data/bb_codes.xml": "faa4ddd5f4a365e5ac39aebdcbe2d25aedf74e7eb9ea4a812766e2fd5e13bdb1",
    "src/addons/FS/RegistrationSteps/_data/bb_code_media_sites.xml": "29762987990187b33e43cfb68c08dc917b2d3f0176613d78f8e6c453f82da3f3",
    "src/addons/FS/RegistrationSteps/_data/class_extensions.xml": "edb145de124ece8d7903ad0f888aafcc2c57ddd86bca70f7938c3128b74f6024",
    "src/addons/FS/RegistrationSteps/_data/code_events.xml": "8370dec3df47f91df4cf79da253446ad11b29f4ea568fe76c774e97a0379f0eb",
    "src/addons/FS/RegistrationSteps/_data/code_event_listeners.xml": "8e35b6653cae91f66792136273626bf959a684faa0ab93a73325c5f019d2b342",
    "src/addons/FS/RegistrationSteps/_data/content_type_fields.xml": "c7ad5472b28f465b7ac7617627707eba1b7a39d28089460d52e1ed292fc0b06a",
    "src/addons/FS/RegistrationSteps/_data/cron.xml": "323c4284742ef24329cd6db6f288eb9736d2353f36852e1db12591e1583aea26",
    "src/addons/FS/RegistrationSteps/_data/help_pages.xml": "a8a0c0b06cdc550438bc8a8d385af3e1e5ab3459877dfb934c1c31be59c89163",
    "src/addons/FS/RegistrationSteps/_data/member_stats.xml": "89fb2b93ff1eca7a1f6f752248edf6090dfd24037db1446fd18ff7143f08124d",
    "src/addons/FS/RegistrationSteps/_data/navigation.xml": "f75e1c03a45a360bbdfcd0567121665082315068475d5b0feb8b1acbb1688651",
    "src/addons/FS/RegistrationSteps/_data/options.xml": "80d2f3967fba805f8fc16f76e4dd30085ef9585e95da4a4657136ce09ec836f5",
    "src/addons/FS/RegistrationSteps/_data/option_groups.xml": "c8e35149d0d5480018f31ba82288856244f1967adb4cdd55853a32de631d66ef",
    "src/addons/FS/RegistrationSteps/_data/permissions.xml": "7e4fc7d5826733d15ea2d8936b9bdd41afcaad810eb38e50da3c8d8eafda1550",
    "src/addons/FS/RegistrationSteps/_data/permission_interface_groups.xml": "3177224e96458b829aa7fb24866dda9e0455a4922aee3d669b53f59a1ffdf5d1",
    "src/addons/FS/RegistrationSteps/_data/phrases.xml": "83b227ad71fee2376197d14999a8295f5b8a98caf5b360199ad6c0af74d14d40",
    "src/addons/FS/RegistrationSteps/_data/routes.xml": "550fa64f9feedf137dd877b38c2684f94474619d2d83890dbb717a91b50da8f5",
    "src/addons/FS/RegistrationSteps/_data/style_properties.xml": "8b8690a8512f01f219dd2da76e3d0c5f62afc1f317b87794a7331c859c36a7a8",
    "src/addons/FS/RegistrationSteps/_data/style_property_groups.xml": "68e1879cb3846c42d978487aa8d5145ff3335fc39e58016878824d5cf3fd684c",
    "src/addons/FS/RegistrationSteps/_data/templates.xml": "2bd648c67acde0c0f2a1062b02238641b03ffb9be2c303f4fa554e893ccf7649",
    "src/addons/FS/RegistrationSteps/_data/template_modifications.xml": "c3a361cf4b566b6604bf1946ef8ac2a32291abff3edb978278c4989860e8b3f3",
    "src/addons/FS/RegistrationSteps/_data/widget_definitions.xml": "874497149b43bcd9c54fbd001598cf9ffacb502d1ff4056c0c586fe73d0d77bf",
    "src/addons/FS/RegistrationSteps/_data/widget_positions.xml": "a29cee66134f6bc5d75ed9df1eef21096c24401915c5b5c774389c3d7bb2d5b3",
    "styles/FS/RegistrationSteps/humanTraffic.png": "f33fd1ab53f8531f33351ff336f23c1e1cc9b13983bd0fb75d9356274a574002",
    "styles/FS/RegistrationSteps/rtaLogo.png": "4fa25efdf327cc89c73ba20472040fec61f3d9d9bf5246b1191a8bff9a48d79f",
    "styles/FS/RegistrationSteps/SWOPUSAMenuLogo.jpg": "39189525d83f2b71345862d7953066ae9c05856a27f840ced847319e342ec656"
}