<?xml version="1.0" encoding="utf-8"?>
<class_extensions>
  <extension from_class="XF\Entity\ConversationMaster" to_class="Tapatalk\XF\Entity\ConversationMaster" execute_order="10" active="1"/>
  <extension from_class="XF\Entity\UserAlert" to_class="Tapatalk\XF\Entity\UserAlert" execute_order="10" active="1"/>
  <extension from_class="XF\Entity\Node" to_class="Tapatalk\XF\Entity\Node" execute_order="10" active="1"/>
  <extension from_class="XF\Mail\Mail" to_class="Tapatalk\XF\Mail\Mail" execute_order="10" active="1"/>
  <extension from_class="XF\Mail\Mailer" to_class="Tapatalk\XF\Mail\Mailer" execute_order="10" active="1"/>
  <extension from_class="XF\BbCode\RuleSet" to_class="Tapatalk\XF\BbCode\RuleSet" execute_order="10" active="1"/>
  <extension from_class="XF\BbCode\Renderer\Html" to_class="Tapatalk\XF\BbCode\Renderer\Html" execute_order="10" active="1"/>
  <extension from_class="XF\Str\Formatter" to_class="Tapatalk\XF\Str\Formatter" execute_order="10" active="1"/>
  <extension from_class="XF\Repository\AddOn" to_class="Tapatalk\XF\Repository\AddOn" execute_order="10" active="1"/>
  <extension from_class="XF\Repository\ApprovalQueue" to_class="Tapatalk\XF\Repository\ApprovalQueue" execute_order="10" active="1"/>
  <extension from_class="XF\Repository\Attachment" to_class="Tapatalk\XF\Repository\Attachment" execute_order="10" active="1"/>
  <extension from_class="XF\Repository\Conversation" to_class="Tapatalk\XF\Repository\Conversation" execute_order="10" active="1"/>
  <extension from_class="XF\Repository\ConversationMessage" to_class="Tapatalk\XF\Repository\ConversationMessage" execute_order="10" active="1"/>
  <extension from_class="XF\Repository\Forum" to_class="Tapatalk\XF\Repository\Forum" execute_order="10" active="1"/>
  <extension from_class="XF\Repository\ForumWatch" to_class="Tapatalk\XF\Repository\ForumWatch" execute_order="10" active="1"/>
  <extension from_class="XF\Repository\Node" to_class="Tapatalk\XF\Repository\Node" execute_order="10" active="1"/>
  <extension from_class="XF\Repository\Notice" to_class="Tapatalk\XF\Repository\Notice" execute_order="10" active="1"/>
  <extension from_class="XF\Repository\Option" to_class="Tapatalk\XF\Repository\Option" execute_order="10" active="1"/>
  <extension from_class="XF\Repository\Post" to_class="Tapatalk\XF\Repository\Post" execute_order="10" active="1"/>
  <extension from_class="XF\Repository\Report" to_class="Tapatalk\XF\Repository\Report" execute_order="10" active="1"/>
  <extension from_class="XF\Repository\Search" to_class="Tapatalk\XF\Repository\Search" execute_order="10" active="1"/>
  <extension from_class="XF\Repository\Thread" to_class="Tapatalk\XF\Repository\Thread" execute_order="10" active="1"/>
  <extension from_class="XF\Repository\ThreadPrefix" to_class="Tapatalk\XF\Repository\ThreadPrefix" execute_order="10" active="1"/>
  <extension from_class="XF\Repository\ThreadRedirect" to_class="Tapatalk\XF\Repository\ThreadRedirect" execute_order="10" active="1"/>
  <extension from_class="XF\Repository\ThreadWatch" to_class="Tapatalk\XF\Repository\ThreadWatch" execute_order="10" active="1"/>
  <extension from_class="XF\Repository\User" to_class="Tapatalk\XF\Repository\User" execute_order="10" active="1"/>
  <extension from_class="XF\Repository\UserAlert" to_class="Tapatalk\XF\Repository\UserAlert" execute_order="10" active="1"/>
  <extension from_class="XF\Repository\UserTfaTrusted" to_class="Tapatalk\XF\Repository\UserTfaTrusted" execute_order="10" active="1"/>
</class_extensions>
