{
    "template": "member_macros",
    "description": "add_vouch__and_review_btn_add_album_btn",
    "execution_order": 10,
    "enabled": true,
    "action": "str_replace",
    "find": "<!--[XF:action_group_2:end]-->",
    "replace": "$0\n\n\t<xf:if is=\"$xf.visitor.user_id && $xf.visitor.user_id!=$user.user_id\">\n\t\t\t<xf:button\n\t\t\thref=\"{{ link('members/addvouch', $user,{'vouch':$vouch})  }}\"\n\t\t\tclass=\"button--link button\"\n\t\t\toverlay=\"true\"\n\t\t\t> {{$vouch==2 ? '<i class=\"fas fa-thumbs-down\"></i> - ' : '<i class=\"fas fa-thumbs-up\"></i> + ' }} {{ phrase('fs_register_my_vouch') }}</xf:button>\n\t\t\n\t\t\t<xf:button\n\t\t\t   href=\"{{ link('members/addreview', $user) }}\"\n\t\t\t   class=\"button--link button\"\n\t\t\t   overlay=\"true\"\n\t\t\t   >{{ phrase('fs_register_review_me') }}</xf:button>\n\t\t</xf:if>\n<xf:if is=\"$user.account_type==2\">\n\t\t\t<xf:button\n\t\t\t   href=\"{{ link('media/albums/users',$user) }}\" \n\t\t\t   class=\"button--link button\"\n\t\t\t \n\t\t\t   >{{ phrase('fs_album') }}</xf:button>\n</xf:if>"
}