{
    "src/addons/Pad/addon.json": "0428135c8487551a5bfdb8c533ec32a0bff704f3ccc8ba64402ffa366b4634e1",
    "src/addons/Pad/Admin/Controller/Attendance.php": "97b100227ae84ec2c2a004bc9ffaabacee5ef77688403ff8bf91b525501afef1",
    "src/addons/Pad/Entity/Attendance.php": "d3b22d72ad9241796ef1988f73fcf82b3355fb6f8415d5ea1d52b7c9ad70dd71",
    "src/addons/Pad/Pub/Controller/Attendance.php": "e34ad34c5dfd456703046c84ca0ccae8865876d5a63e2e2a5609466b86bc6a37",
    "src/addons/Pad/Setup.php": "323608d120257332cc0719b577c2497980629ec52293de0e136644b8dc959cb6",
    "src/addons/Pad/_data/activity_summary_definitions.xml": "99d8c2563a31320d66f958fc8bda78613545f5f7959bb3cf5318805e3a3c39d2",
    "src/addons/Pad/_data/admin_navigation.xml": "f534aef1a4f681b001f2a87422da09c7f95eaa353d1e47a1fd31a8654098a270",
    "src/addons/Pad/_data/admin_permission.xml": "ec6fb97cebf0bceb24f1ed1d5778c1db54eeb7535fbb3e31d824840e7aa9ff87",
    "src/addons/Pad/_data/advertising_positions.xml": "d2f7cbe844bb1df3cf878d22ff6306249245c8ff6b0b87b9b729744bec538261",
    "src/addons/Pad/_data/api_scopes.xml": "6793eaf758f140e8137187ba20e65f4faccf53410433ae3ad7a8b3b38cb6b3b7",
    "src/addons/Pad/_data/bb_codes.xml": "faa4ddd5f4a365e5ac39aebdcbe2d25aedf74e7eb9ea4a812766e2fd5e13bdb1",
    "src/addons/Pad/_data/bb_code_media_sites.xml": "29762987990187b33e43cfb68c08dc917b2d3f0176613d78f8e6c453f82da3f3",
    "src/addons/Pad/_data/class_extensions.xml": "1f548b8006e9952a3f5889f71e09fdfa6726ac1a47c1af7b2626d1a88920d5a4",
    "src/addons/Pad/_data/code_events.xml": "8370dec3df47f91df4cf79da253446ad11b29f4ea568fe76c774e97a0379f0eb",
    "src/addons/Pad/_data/code_event_listeners.xml": "d6b5072f4909dee7a20ee9e44b163f95c8aa52e6ac7f573e292000cd9238c331",
    "src/addons/Pad/_data/content_type_fields.xml": "c7ad5472b28f465b7ac7617627707eba1b7a39d28089460d52e1ed292fc0b06a",
    "src/addons/Pad/_data/cron.xml": "323c4284742ef24329cd6db6f288eb9736d2353f36852e1db12591e1583aea26",
    "src/addons/Pad/_data/help_pages.xml": "a8a0c0b06cdc550438bc8a8d385af3e1e5ab3459877dfb934c1c31be59c89163",
    "src/addons/Pad/_data/member_stats.xml": "89fb2b93ff1eca7a1f6f752248edf6090dfd24037db1446fd18ff7143f08124d",
    "src/addons/Pad/_data/navigation.xml": "61f9a6dd33b5d5f917c3adf1d3e45a36cc7f24e8edaa01fd9dd3b18c1013639c",
    "src/addons/Pad/_data/options.xml": "d814ac2e3586717af3e001b4d69f4f1a33e1a3677993c18586874f0b6c6c1172",
    "src/addons/Pad/_data/option_groups.xml": "06862cbedb402975127b0da38057fd2da5aa01dc292f6d37feb97e1fb082ad41",
    "src/addons/Pad/_data/permissions.xml": "7e4fc7d5826733d15ea2d8936b9bdd41afcaad810eb38e50da3c8d8eafda1550",
    "src/addons/Pad/_data/permission_interface_groups.xml": "3177224e96458b829aa7fb24866dda9e0455a4922aee3d669b53f59a1ffdf5d1",
    "src/addons/Pad/_data/phrases.xml": "1f7b58f50adfe2317995260b7edf8c23313918f16f602ebcc5665688e829bec0",
    "src/addons/Pad/_data/routes.xml": "4fe37bfbc06ff7195b4ed5ffde93ff9845ad8a88d7177ef391ca1faae3c18d35",
    "src/addons/Pad/_data/style_properties.xml": "8b8690a8512f01f219dd2da76e3d0c5f62afc1f317b87794a7331c859c36a7a8",
    "src/addons/Pad/_data/style_property_groups.xml": "68e1879cb3846c42d978487aa8d5145ff3335fc39e58016878824d5cf3fd684c",
    "src/addons/Pad/_data/templates.xml": "1c3ce03430a7557fa24c2e6aba0a4b4ebd9141d584a460ab89d55e2adffb03c9",
    "src/addons/Pad/_data/template_modifications.xml": "3b54b7df00a6a4a18c5e012b6e2588e35c23aaa13a5fc227f08646a97590d778",
    "src/addons/Pad/_data/widget_definitions.xml": "37e46965256430f24004c2e7f08ba08f9b0d1cbcc4d70e84b3f4e3ffb713e64b",
    "src/addons/Pad/_data/widget_positions.xml": "a29cee66134f6bc5d75ed9df1eef21096c24401915c5b5c774389c3d7bb2d5b3"
}