<?xml version="1.0" encoding="utf-8"?>
<templates>
  <template type="public" title="index_url_update" version_id="1000010" version_string="1.0.0 Alpha"><![CDATA[<xf:if is="$thread">
  <xf:title>{{ phrase('fs_url_title') }}</xf:title>
</xf:if>
<div class="block">

  <xf:if is="$thread">
    <xf:breadcrumb source="$thread.getBreadcrumbs(false)" />
    <xf:form
      action="{{ link('update-url/save') }}"
      ajax="true"
      class="block-container"
      data-force-flash-message="true"
    >
      <div class="block-body">
        <input type="hidden" name="thread_id" value="{{$thread.thread_id}}" />

            <xf:textboxrow
              name="url_string"
              value="{{$thread.url_string=='null' ? 'Not defiened' : $thread.url_string}}"
				label="{{ phrase('fs_url_label_title') }}"		   
            />
          </div>
      
      <xf:submitrow icon="save" sticky="true" />
    </xf:form>
  </xf:if>

</div>]]></template>
</templates>
