{
    "admin/add_is_featured_field.json": {
        "hash": "285b4a1e8af7c2969a833716670fe8e6"
    },
    "admin/show_fields_to_admin_accourding_account_type.json": {
        "hash": "9b3ce455e230c0a5fbb1067c488513cf"
    },
    "admin/show_general_fields_to_admin_according_account_typ.json": {
        "hash": "81a4b139a3222024c7ad63d4b7e96213"
    },
    "public/add_featured_ads.json": {
        "hash": "5e683cdc9ea2e5a7fed08da7f5b3db49"
    },
    "public/add_featured_btn_in_thread.json": {
        "hash": "d642fb5cc76c847c2efea5e163233914"
    },
    "public/add_fotter_compliance_link.json": {
        "hash": "34ad41c663488f3f1c046cba78c8bb8f"
    },
    "public/add_general_custom_fields.json": {
        "hash": "38c16c49c305ed7f6e1479d827fa8275"
    },
    "public/add_owl_carousel_pligin.json": {
        "hash": "31c6749c03bacbf685067e57551d369f"
    },
    "public/add_vouch_btn.json": {
        "hash": "0cb47578aa7112bad9c57b74c21586e3"
    },
    "public/adding_review_member_view_tab.json": {
        "hash": "6408c111d2eb67e4bc2117894f0f6a79"
    },
    "public/adding_review_member_view_tab_content.json": {
        "hash": "bb31a6e81275403f575c8cc2f031368b"
    },
    "public/fetch_fields_accourding_account_type.json": {
        "hash": "9e3a0dcb25bf1099fedbd2835c89df37"
    },
    "public/fs_add_fields_according_to_account_type.json": {
        "hash": "a4b95e98a4d9be974f1771b25bc2816a"
    },
    "public/fs_register_add_logos.json": {
        "hash": "db2d2e3339218df1e2355affb9023e4d"
    },
    "public/fs_register_add_overview_to_thread_template.json": {
        "hash": "14086e5c8d07170554a68638cb37c910"
    },
    "public/fs_register_add_pop_for_listing_forums.json": {
        "hash": "111f382ff6c9101c9455e97996154227"
    },
    "public/fs_register_check_your_email_to_approve_your_accou.json": {
        "hash": "3f02ae7e2f31487fcfee9488784d5b98"
    },
    "public/hide_message_and_add_user_field.json": {
        "hash": "d920439729d4b05e79a7a82823498757"
    },
    "public/hide_message_from_front_side.json": {
        "hash": "679be628c26520f32a73e6b3f175dea0"
    },
    "public/pass_vouch_variable.json": {
        "hash": "8c384b77006de7a58743b131a47b533e"
    },
    "public/receive_vouch_variable.json": {
        "hash": "267cfa452ac2f540b352e75d878b1a7b"
    },
    "public/show_general_fields_to_user_according_account_type.json": {
        "hash": "cc923e7118e542cef9fc238f9675220f"
    }
}