{
    "activation_key_not_found.txt": {
        "global_cache": false,
        "version_id": 1000600,
        "version_string": "1.0.6 Alpha",
        "hash": "16b4c585fe53f951766e365e5906f730"
    },
    "fs_register_account_type.txt": {
        "global_cache": false,
        "version_id": 1000010,
        "version_string": "1.0.0 Alpha",
        "hash": "06d960789f90fb6cfd52bc1a905fd36d"
    },
    "fs_register_age.txt": {
        "global_cache": false,
        "version_id": 1000900,
        "version_string": "1.0.9 Alpha",
        "hash": "9d8d2d5ab12b515182a505f54db7f538"
    },
    "fs_register_age_view.txt": {
        "global_cache": false,
        "version_id": 1000900,
        "version_string": "1.0.9 Alpha",
        "hash": "d9888f53724f103455647adf1c7e0ce6"
    },
    "fs_register_btn_compliance.txt": {
        "global_cache": false,
        "version_id": 1000800,
        "version_string": "1.0.8 Alpha",
        "hash": "be229c8912cc0f12d2dc5c34007fe31f"
    },
    "fs_register_check_your_email_to_approve_your_account.txt": {
        "global_cache": false,
        "version_id": 1000800,
        "version_string": "1.0.8 Alpha",
        "hash": "be74c2913fa3b6c14595f4a221ecc0dc"
    },
    "fs_register_compliance_body.txt": {
        "global_cache": false,
        "version_id": 1000200,
        "version_string": "1.0.2 Alpha",
        "hash": "0c20171eff25fd7003b14bf540278b58"
    },
    "fs_register_compliance_title.txt": {
        "global_cache": false,
        "version_id": 1000200,
        "version_string": "1.0.2 Alpha",
        "hash": "29a03df8b4bf13cc4480be5cf8cc07d6"
    },
    "fs_register_ethincity.txt": {
        "global_cache": false,
        "version_id": 1000900,
        "version_string": "1.0.9 Alpha",
        "hash": "998aeab3e85f1e3c619614fc2b62a244"
    },
    "fs_register_eyes.txt": {
        "global_cache": false,
        "version_id": 1000900,
        "version_string": "1.0.9 Alpha",
        "hash": "ae6e9b63e87076a8c0188b659ab93a28"
    },
    "fs_register_fotter_privacy_ploicy.txt": {
        "global_cache": false,
        "version_id": 1000600,
        "version_string": "1.0.6 Alpha",
        "hash": "04b5b99485849ada742949498db27b79"
    },
    "fs_register_fotter_rules.txt": {
        "global_cache": false,
        "version_id": 1000900,
        "version_string": "1.0.9 Alpha",
        "hash": "530683263563d385e172142e7512c0f3"
    },
    "fs_register_gender.txt": {
        "global_cache": false,
        "version_id": 1000900,
        "version_string": "1.0.9 Alpha",
        "hash": "019ec3132cdf8ee0f2e2a75cf5d3e459"
    },
    "fs_register_hair_color.txt": {
        "global_cache": false,
        "version_id": 1000900,
        "version_string": "1.0.9 Alpha",
        "hash": "8d1c10bb6935f1e98aadbfd1acabd3e4"
    },
    "fs_register_height.txt": {
        "global_cache": false,
        "version_id": 1000900,
        "version_string": "1.0.9 Alpha",
        "hash": "eec6c4bdbd339edf8cbea68becb85244"
    },
    "fs_register_hobbyist.txt": {
        "global_cache": false,
        "version_id": 1000010,
        "version_string": "1.0.0 Alpha",
        "hash": "f9c6760aa72ccffd2f3ae76c663d8784"
    },
    "fs_register_mail_body.txt": {
        "global_cache": false,
        "version_id": 1000800,
        "version_string": "1.0.8 Alpha",
        "hash": "99cb9077d8d57db6e1b5215a540811b1"
    },
    "fs_register_mail_subject.txt": {
        "global_cache": false,
        "version_id": 1000100,
        "version_string": "1.0.1 Alpha",
        "hash": "dfc8c5b703ddddac165fb273184e87f8"
    },
    "fs_register_my_profile.txt": {
        "global_cache": false,
        "version_id": 1000900,
        "version_string": "1.0.9 Alpha",
        "hash": "e8956174978be0a343e1e582cf681e4c"
    },
    "fs_register_page_hobbyist_rules.txt": {
        "global_cache": false,
        "version_id": 1000900,
        "version_string": "1.0.9 Alpha",
        "hash": "964ac5b066d2ecf4fd84019eb67661e6"
    },
    "fs_register_page_provider_rules.txt": {
        "global_cache": false,
        "version_id": 1000010,
        "version_string": "1.0.0 Alpha",
        "hash": "cff2d2bfc0b99297477e0f1d2c4b98a7"
    },
    "fs_register_pm_me.txt": {
        "global_cache": false,
        "version_id": 1000900,
        "version_string": "1.0.9 Alpha",
        "hash": "cf0e30c4213b0e1232919ad3bd8157b5"
    },
    "fs_register_premiuem_body.txt": {
        "global_cache": false,
        "version_id": 1000800,
        "version_string": "1.0.8 Alpha",
        "hash": "d87c72e5eafb10790e465b136f3ea422"
    },
    "fs_register_premiuem_title.txt": {
        "global_cache": false,
        "version_id": 1000800,
        "version_string": "1.0.8 Alpha",
        "hash": "ad13a4b7a45651a4a28fccba558acbdb"
    },
    "fs_register_provider.txt": {
        "global_cache": false,
        "version_id": 1000200,
        "version_string": "1.0.2 Alpha",
        "hash": "910eef8cd527bec5e9d96325236d6e9e"
    },
    "fs_register_required.txt": {
        "global_cache": false,
        "version_id": 1000010,
        "version_string": "1.0.0 Alpha",
        "hash": "b651efdb98a5d6bd2b3935d0c3f4a5e2"
    },
    "fs_register_service_type.txt": {
        "global_cache": false,
        "version_id": 1000900,
        "version_string": "1.0.9 Alpha",
        "hash": "2ed80f64bc071956752177021f78612f"
    },
    "fs_register_visit_home_page.txt": {
        "global_cache": false,
        "version_id": 1000100,
        "version_string": "1.0.1 Alpha",
        "hash": "208f7a3568da0a777533d17494b17773"
    },
    "invalid_activation_key.txt": {
        "global_cache": false,
        "version_id": 1000600,
        "version_string": "1.0.6 Alpha",
        "hash": "d532d12213e2f1debd0235b6f01cc1a5"
    },
    "invalid_username.txt": {
        "global_cache": false,
        "version_id": 1000600,
        "version_string": "1.0.6 Alpha",
        "hash": "bc3b39774fb3f4066b15a79e9134b200"
    },
    "option.Advertiser_manaul_approval.txt": {
        "global_cache": false,
        "version_id": 1000010,
        "version_string": "1.0.0 Alpha",
        "hash": "ed25848ca8f906e6766defd612a287df"
    },
    "option.fs_register_hobbyiest_fields.txt": {
        "global_cache": false,
        "version_id": 1000010,
        "version_string": "1.0.0 Alpha",
        "hash": "11c0d77b4ea70161d7edde2e003d8b2c"
    },
    "option.fs_register_provider_fields.txt": {
        "global_cache": false,
        "version_id": 1000010,
        "version_string": "1.0.0 Alpha",
        "hash": "4ba3beaf5e89ec5e70360a9d629b5c73"
    },
    "option_explain.Advertiser_manaul_approval.txt": {
        "global_cache": false,
        "version_id": 1000010,
        "version_string": "1.0.0 Alpha",
        "hash": "d41d8cd98f00b204e9800998ecf8427e"
    },
    "option_explain.fs_register_hobbyiest_fields.txt": {
        "global_cache": false,
        "version_id": 1000010,
        "version_string": "1.0.0 Alpha",
        "hash": "32d5a995f7d0eb037239b019170a0136"
    },
    "option_explain.fs_register_provider_fields.txt": {
        "global_cache": false,
        "version_id": 1000010,
        "version_string": "1.0.0 Alpha",
        "hash": "32d5a995f7d0eb037239b019170a0136"
    },
    "option_group.fs_register_steps.txt": {
        "global_cache": false,
        "version_id": 1000010,
        "version_string": "1.0.0 Alpha",
        "hash": "6c906d278550e2037b58bc2a59cd1bf6"
    },
    "option_group_description.fs_register_steps.txt": {
        "global_cache": false,
        "version_id": 1000010,
        "version_string": "1.0.0 Alpha",
        "hash": "d41d8cd98f00b204e9800998ecf8427e"
    },
    "required_activation_key.txt": {
        "global_cache": false,
        "version_id": 1000600,
        "version_string": "1.0.6 Alpha",
        "hash": "de81ab4c5f74b6853f0be9695a3eff2f"
    },
    "widget_def.FeaturedProvider.txt": {
        "global_cache": false,
        "version_id": 1010100,
        "version_string": "1.1.1 Alpha",
        "hash": "47e0ff199a9124ae70bf4e320e77c9d9"
    },
    "widget_def.TopUsers.txt": {
        "global_cache": false,
        "version_id": 1010100,
        "version_string": "1.1.1 Alpha",
        "hash": "158cc8eaed1b318ef0debc752bb965e4"
    },
    "widget_def.UserStates.txt": {
        "global_cache": false,
        "version_id": 1010100,
        "version_string": "1.1.1 Alpha",
        "hash": "fcad9dece8cdf7430f93f5808723d9ef"
    },
    "widget_def_desc.FeaturedProvider.txt": {
        "global_cache": false,
        "version_id": 1010100,
        "version_string": "1.1.1 Alpha",
        "hash": "d41d8cd98f00b204e9800998ecf8427e"
    },
    "widget_def_desc.TopUsers.txt": {
        "global_cache": false,
        "version_id": 1010100,
        "version_string": "1.1.1 Alpha",
        "hash": "d41d8cd98f00b204e9800998ecf8427e"
    },
    "widget_def_desc.UserStates.txt": {
        "global_cache": false,
        "version_id": 1010100,
        "version_string": "1.1.1 Alpha",
        "hash": "d41d8cd98f00b204e9800998ecf8427e"
    },
    "you_have_already_verified.txt": {
        "global_cache": false,
        "version_id": 1000600,
        "version_string": "1.0.6 Alpha",
        "hash": "6744a27760378276b392d0b688ba1db5"
    }
}