<?xml version="1.0" encoding="utf-8"?>
<template_modifications>
  <modification type="public" template="thread_view" modification_key="fs_add_Update_url" description="fs_add_Update_url" execution_order="10" enabled="1" action="str_replace">
    <find><![CDATA[<!--[XF:thread_tools_menu:top]-->]]></find>
    <replace><![CDATA[$0 


<xf:if is="$xf.visitor.is_admin">	
		<a href="{{ link('update-url', $thread) }}"  class="menu-linkRow">{{ phrase('fs_update_url_btn') }}</a>
</xf:if>

]]></replace>
  </modification>
</template_modifications>
