{
    "src/addons/FS/SearchNodeForum/addon.json": "5080527852159977dda7034b22119532c27ae58571c354669d7e2ee39682c5f0",
    "src/addons/FS/SearchNodeForum/Entity/SearchNodeForum.php": "0573d0500df793d1f7e562a83efc27a5d2ad6ed8f06a89e321f2c82536d85eee",
    "src/addons/FS/SearchNodeForum/Setup.php": "97c5fa02ff1f4ef438d2f5f300cfce9232bfaee4cce180e1a6c0d0e5682aeae1",
    "src/addons/FS/SearchNodeForum/XF/Entity/SearchForumUserCache.php": "71d2fbcf534800482ababedd449291b989ae1a1861029777a9ae1793758b20a4",
    "src/addons/FS/SearchNodeForum/XF/Pub/Controller/Search.php": "ed9c13b9198f90fb6184cafde741b9b8c4cbad62ca48ddf74f5e28a921a0feac",
    "src/addons/FS/SearchNodeForum/XF/Pub/Controller/SearchForum.php": "e4eb07ccfc391da7912f0724cdf88884b55aff5883b466dde92226772d1b6dc9",
    "src/addons/FS/SearchNodeForum/XF/Repository/Post.php": "c12fe6463f4a7ddda1cb079d5c1c12a16e929f1dcd20791321985e5f01f4b456",
    "src/addons/FS/SearchNodeForum/XF/Repository/SearchForum.php": "c5db2f469ede1857e6d290ab490448729a50a5a3350f39133d2eeee9bf451340",
    "src/addons/FS/SearchNodeForum/_data/activity_summary_definitions.xml": "99d8c2563a31320d66f958fc8bda78613545f5f7959bb3cf5318805e3a3c39d2",
    "src/addons/FS/SearchNodeForum/_data/admin_navigation.xml": "064ec797484ac00d5ee37367b50b06846d11f480d00550997712707f8fdac8c0",
    "src/addons/FS/SearchNodeForum/_data/admin_permission.xml": "ec6fb97cebf0bceb24f1ed1d5778c1db54eeb7535fbb3e31d824840e7aa9ff87",
    "src/addons/FS/SearchNodeForum/_data/advertising_positions.xml": "d2f7cbe844bb1df3cf878d22ff6306249245c8ff6b0b87b9b729744bec538261",
    "src/addons/FS/SearchNodeForum/_data/api_scopes.xml": "6793eaf758f140e8137187ba20e65f4faccf53410433ae3ad7a8b3b38cb6b3b7",
    "src/addons/FS/SearchNodeForum/_data/bb_codes.xml": "faa4ddd5f4a365e5ac39aebdcbe2d25aedf74e7eb9ea4a812766e2fd5e13bdb1",
    "src/addons/FS/SearchNodeForum/_data/bb_code_media_sites.xml": "29762987990187b33e43cfb68c08dc917b2d3f0176613d78f8e6c453f82da3f3",
    "src/addons/FS/SearchNodeForum/_data/class_extensions.xml": "84301964805fc3cbe57055bbd9bd855a3b3fdaa3e0b612db1ae39f77af3cb772",
    "src/addons/FS/SearchNodeForum/_data/code_events.xml": "8370dec3df47f91df4cf79da253446ad11b29f4ea568fe76c774e97a0379f0eb",
    "src/addons/FS/SearchNodeForum/_data/code_event_listeners.xml": "d6b5072f4909dee7a20ee9e44b163f95c8aa52e6ac7f573e292000cd9238c331",
    "src/addons/FS/SearchNodeForum/_data/content_type_fields.xml": "c7ad5472b28f465b7ac7617627707eba1b7a39d28089460d52e1ed292fc0b06a",
    "src/addons/FS/SearchNodeForum/_data/cron.xml": "323c4284742ef24329cd6db6f288eb9736d2353f36852e1db12591e1583aea26",
    "src/addons/FS/SearchNodeForum/_data/help_pages.xml": "a8a0c0b06cdc550438bc8a8d385af3e1e5ab3459877dfb934c1c31be59c89163",
    "src/addons/FS/SearchNodeForum/_data/member_stats.xml": "89fb2b93ff1eca7a1f6f752248edf6090dfd24037db1446fd18ff7143f08124d",
    "src/addons/FS/SearchNodeForum/_data/navigation.xml": "f75e1c03a45a360bbdfcd0567121665082315068475d5b0feb8b1acbb1688651",
    "src/addons/FS/SearchNodeForum/_data/options.xml": "1cea29aa5671733d85c8fc6f7c66128eacbca5643cbb38585eb82002879b51a4",
    "src/addons/FS/SearchNodeForum/_data/option_groups.xml": "154d7a89664b243d0bd8227c22e241f934bf7e196c83230ee23d3c0c4fba1333",
    "src/addons/FS/SearchNodeForum/_data/permissions.xml": "7e4fc7d5826733d15ea2d8936b9bdd41afcaad810eb38e50da3c8d8eafda1550",
    "src/addons/FS/SearchNodeForum/_data/permission_interface_groups.xml": "3177224e96458b829aa7fb24866dda9e0455a4922aee3d669b53f59a1ffdf5d1",
    "src/addons/FS/SearchNodeForum/_data/phrases.xml": "ff61483fbaee661f147395ebaad79fbfb5d8bf820c1b1285efbcf8844191cc32",
    "src/addons/FS/SearchNodeForum/_data/routes.xml": "550fa64f9feedf137dd877b38c2684f94474619d2d83890dbb717a91b50da8f5",
    "src/addons/FS/SearchNodeForum/_data/style_properties.xml": "8b8690a8512f01f219dd2da76e3d0c5f62afc1f317b87794a7331c859c36a7a8",
    "src/addons/FS/SearchNodeForum/_data/style_property_groups.xml": "68e1879cb3846c42d978487aa8d5145ff3335fc39e58016878824d5cf3fd684c",
    "src/addons/FS/SearchNodeForum/_data/templates.xml": "2eaef8fa9889ff62ac34daa306223091e1f5a2738f0a2b3de200ae22a084804a",
    "src/addons/FS/SearchNodeForum/_data/template_modifications.xml": "92962d9a5b1b99001029943f0febabd5be5eec9d8b8dda1c7bc56ae5a396ad0f",
    "src/addons/FS/SearchNodeForum/_data/widget_definitions.xml": "37e46965256430f24004c2e7f08ba08f9b0d1cbcc4d70e84b3f4e3ffb713e64b",
    "src/addons/FS/SearchNodeForum/_data/widget_positions.xml": "a29cee66134f6bc5d75ed9df1eef21096c24401915c5b5c774389c3d7bb2d5b3"
}