{
    "template": "PAGE_CONTAINER",
    "description": "add_owl_carousel_pligin",
    "execution_order": 10,
    "enabled": true,
    "action": "preg_replace",
    "find": "/<xf:macro name=\"crumb\" arg-href=\"!\" arg-value=\"!\" arg-position=\"{{ 0 }}\">.*?<\\/xf:macro>/is",
    "replace": "$0\n<script src=\"https://cdnjs.cloudflare.com/ajax/libs/OwlCarousel2/2.3.4/owl.carousel.min.js\" integrity=\"sha512-bPs7Ae6pVvhOSiIcyUClR7/q2OAsRiovw4vAkX+zJbw3ShAeeqezq50RIIcIURq7Oa20rW2n2q+fyXBNcU9lrw==\" crossorigin=\"anonymous\" referrerpolicy=\"no-referrer\"></script>\n"
}