{
    "template": "PAGE_CONTAINER",
    "description": "add_fotter_compliance_link",
    "execution_order": 10,
    "enabled": true,
    "action": "str_replace",
    "find": "<li><a href=\"{{ link('forums/index.rss', '-') }}\" target=\"_blank\" class=\"p-footer-rssLink\" title=\"{{ phrase('rss')|for_attr }}\"><span aria-hidden=\"true\"><xf:fa icon=\"fa-rss\" /><span class=\"u-srOnly\">{{ phrase('rss') }}</span></span></a></li>",
    "replace": "<li><a href=\"{{ link('help/compliance') }}\">{{ phrase('fs_register_btn_compliance') }}</a></li>\n$0\n"
}