{
    "template": "thread_view",
    "description": "add_featured_btn_in_thread",
    "execution_order": 10,
    "enabled": true,
    "action": "str_replace",
    "find": "<!--[XF:thread_tools_menu:top]-->",
    "replace": "$0 \n\n<xf:if is=\"($xf.visitor.is_moderator || $xf.visitor.is_admin) AND $thread.getCompaninionThreadIds()\">\t\n\t\t<a href=\"{{ link('threads/featured', $thread) }}\"  class=\"menu-linkRow\" data-xf-click=\"overlay\">{{ phrase('fs_reagister_featured') }}</a>\n</xf:if>\n\n"
}