{
    "template": "PAGE_CONTAINER",
    "description": "fs_register_add_logos",
    "execution_order": 10,
    "enabled": true,
    "action": "preg_replace",
    "find": "/<div class=\"p-footer-row-opposite\">\n\t\t\t\t<ul class=\"p-footer-linkList\">.*?\t\t\t\t<\\/ul>\n\t\t\t<\\/div>\n\t\t<\\/div>/is",
    "replace": "$0\n<div class=\"footer_logos\">\n\t\t\t<xf:css>\n\t\t\t.footer_logo_item{\n\t\t\t\twidth:45px;\n\t\t\t\theight:45px;\n\t\t\t\tborder-radius:3px;\n\t\t\t\t\n\t\t\t\t}\n\t\t\t\t\n\t\t\t\n\t\t\t</xf:css>\n\t\t\t<ul class=\"p-footer-linkList\">\n\t\t\t\t<li><a href=\"https://swopusa.org/\" target=\"_blank\" class=\"p-footer-rssLink\"><img src=\"{{ base_url('styles/FS/RegistrationSteps/SWOPUSAMenuLogo.jpg') }}\" class=\"footer_logo_item\"></a></li>\n\t\t\t\t<li><a href=\"https://www.stopthetraffik.org/\" target=\"_blank\" class=\"p-footer-rssLink\"><img src=\"{{ base_url('styles/FS/RegistrationSteps/humanTraffic.png') }}\" class=\"footer_logo_item\"></a></li>\n\t\t\t\t<li><a href=\"https://www.rtalabel.org\" target=\"_blank\" class=\"p-footer-rssLink\"><img src=\"{{ base_url('styles/FS/RegistrationSteps/rtaLogo.png') }}\" class=\"footer_logo_item\"></a></li>\n\t\t\t</ul>\n\t<div class=\"main_content\">\n\t\t<div class=\"sub_content\">\n\t\t\t<p>{{ phrase('fs_register_fotter_rules') }}</p>\n\t\t</div>\n\t\n\t</div>\n\t\n\t\n\t\t</div>"
}