{
    "template": "post_macros",
    "description": "hide_message_from_front_side",
    "execution_order": 10,
    "enabled": true,
    "action": "preg_replace",
    "find": "/<xf:if is=\"\\$snippet\">.*?<\\/xf:if>/is",
    "replace": "<xf:if is=\"$thread.getReviewsThreadIds()\">\n\t<dl  class=\"pairs pairs--columns pairs--fixedSmall pairs--customField\">\n\t\t<dt>\n\t\t\t{{ phrase('fs_register_review_for_username') }}\n\t\t</dt>\n\t\t<dd>\n\t\t\t{{$thread.ReviewFor.username}}\n\t\t</dd>\n\t</dl>\n\n<xf:else />\n$0\n</xf:if>"
}