{
    "fs_escrow_api.json": {
        "hash": "fe178eca54d082a1c062dcba96c8ce18"
    },
    "fs_escrow_applicable_forum.json": {
        "hash": "3d287b97b7176d4a7444605edf69de2f"
    },
    "fs_escrow_approval_que_option.json": {
        "hash": "c3b9ee26169ae7e95a1a1556473d6d94"
    },
    "fs_escrow_bit_base_url.json": {
        "hash": "fd1dc9fd1a8ac3bfe24a95ed57e276cd"
    },
    "fs_escrow_callback_link.json": {
        "hash": "fd1dc9fd1a8ac3bfe24a95ed57e276cd"
    },
    "fs_escrow_conversion_api.json": {
        "hash": "3697a13e8dc9f48ba5db13a66cc98f55"
    },
    "fs_escrow_currency.json": {
        "hash": "ae5673c36d392cc314c4054c831e02b3"
    },
    "fs_escrow_otp_expire_time.json": {
        "hash": "0b097cdaca423f68f53c809028196ab2"
    },
    "fs_escrow_pgp_option.json": {
        "hash": "c3b9ee26169ae7e95a1a1556473d6d94"
    }
}