<?xml version="1.0" encoding="utf-8"?>
<options>
  <option option_id="thpostcomments_enableMultiQuote" edit_format="onoff" data_type="boolean" advanced="0">
    <default_value>1</default_value>
    <relation group_id="thpostcomments" display_order="200"/>
  </option>
  <option option_id="thpostcomments_hide_comment_depth" edit_format="spinbox" data_type="unsigned_integer" advanced="0">
    <default_value>1</default_value>
    <edit_format_params>min=0
max=4</edit_format_params>
    <relation group_id="thpostcomments" display_order="10"/>
  </option>
  <option option_id="thpostcomments_max_comment_depth" edit_format="spinbox" data_type="positive_integer" advanced="0">
    <default_value>1</default_value>
    <edit_format_params>min=1
max=4</edit_format_params>
    <relation group_id="thpostcomments" display_order="1"/>
  </option>
  <option option_id="thpostcomments_replaceReplyButton" edit_format="onoff" data_type="boolean" advanced="0">
    <default_value>0</default_value>
    <relation group_id="thpostcomments" display_order="100"/>
  </option>
</options>
