{
    "admin/add_user_crypto_address_amount.json": {
        "hash": "1656879cccee04c671960643660b019f"
    },
    "public/add_amount_to_nav.json": {
        "hash": "faf3f0ba9f67c5ff09813690e16d0b65"
    },
    "public/add_amount_to_pofile.json": {
        "hash": "dec49be673f51c18508026c7b5c3f2f9"
    },
    "public/add_deposit_amount.json": {
        "hash": "d56fc18c13b83057a988efba76372725"
    },
    "public/add_deposit_withdraw_button.json": {
        "hash": "319c62f2412899c40a3bfe76bdf78027"
    },
    "public/add_deposit_withdraw_button_profile_index.json": {
        "hash": "890c65d945f55ade374b4e8d32368619"
    },
    "public/add_deposit_withdraw_button_profile_section.json": {
        "hash": "aa2cf259be0b17fb787e4b8166613fa3"
    },
    "public/fs_escrow_add_buttons_to_thread_template.json": {
        "hash": "27602c8bb2bec06e818d9c02b0681f2b"
    },
    "public/fs_escrow_post_thread_add_fields.json": {
        "hash": "58977094a0ea82f5913311812c93d1d0"
    }
}