{
    "legacy_addon_id": "NFLJ_Showcase",
    "title": "XenAddons Showcase",
    "description": "Showcase is an add-on that allows you and your users to create items and reviewable type content that is organized into admin-defined categories.",
    "version_id": 3022970,
    "version_string": "3.2.29",
    "dev": "XenAddons",
    "dev_url": "https://xenaddons.com/",
    "faq_url": "",
    "support_url": "https://xenaddons.com/#showcase-support-forums.33",
    "extra_urls": [],
    "require": {
        "XF": [
            2020270,
            "XenForo 2.2.2"
        ]
    },
    "icon": "xa.png"
}