{
    "src/addons/XenAddons/Showcase/ActivitySummary/LatestComments.php": "98c15260abd6fb07a9bdd5f7dcf5dfcadb1fadfef6f35e0f693e9ba6503a1d3f",
    "src/addons/XenAddons/Showcase/ActivitySummary/LatestItems.php": "42b3e2654cc48305f5d4ec5d1b0af2198d2c389aef7f2d3e2ed3cd5cf0988b90",
    "src/addons/XenAddons/Showcase/ActivitySummary/LatestReviews.php": "d8d74066a01e0577416af77e2b6be9406db1641d8b693a02c011b49fe1ec2744",
    "src/addons/XenAddons/Showcase/ActivitySummary/LatestUpdates.php": "c0a850136fa42343b5c1b98e3adc85a2ff47157bc65958f061cdca32f2c11525",
    "src/addons/XenAddons/Showcase/addon.json": "d39ce286a4bf00f341930f1218947c4c93ea3b7df98fd27e7d25bf3dc8ff5054",
    "src/addons/XenAddons/Showcase/Admin/Controller/Category.php": "1677cdf4e61a9349103eaf405259dc8478bda2641388e57815dc835360bf8ce4",
    "src/addons/XenAddons/Showcase/Admin/Controller/Feed.php": "116ba43ad43c00934d97e9f41073fc3a7267d387052b73ebff1a5efdac174ca3",
    "src/addons/XenAddons/Showcase/Admin/Controller/Item.php": "87841957e61f297db6749bda1ffb9be9158d15d84d9b79a3dbe430a97bb33ede",
    "src/addons/XenAddons/Showcase/Admin/Controller/ItemField.php": "a0036147271fb7809a6eb3c09e18d274f0069ce8a8a668fe3c0f4fedb8ece8e2",
    "src/addons/XenAddons/Showcase/Admin/Controller/ItemPrefix.php": "3715ec174dd4025aeefdb4db909ba75bd1fc475f30793057ddc248d9216a9346",
    "src/addons/XenAddons/Showcase/Admin/Controller/ItemReplace.php": "f875efc648c4c9cdf63471b771144844cf856876b0341e6f43eddf95cecc538a",
    "src/addons/XenAddons/Showcase/Admin/Controller/Permission.php": "a32c6cf8b0800e47d929a6f850a43a9671c152164f35378a8cca0b8efa943c47",
    "src/addons/XenAddons/Showcase/Admin/Controller/ReviewField.php": "7cc45240313db873b58de4f7ac997e7f4467bf6104f672728dd0c1db3cf8f160",
    "src/addons/XenAddons/Showcase/Admin/Controller/UpdateField.php": "a65b0a93f3855069c09e718c088d5ef3898fc604f34bcbc063badbdbed995d2f",
    "src/addons/XenAddons/Showcase/Alert/Comment.php": "14484c7e3fd6e24e92ad2aae9abe509213376b1f2de473f6f59058c703d57438",
    "src/addons/XenAddons/Showcase/Alert/Item.php": "d825d5455aca4101b79af2d7ac4a31f6dfd2103b894dca2b0a7b437e150d802f",
    "src/addons/XenAddons/Showcase/Alert/ItemUpdate.php": "6b2815fe65967dc242d5deedcd5b876c20cbc1573b2fbe330cca196c19967358",
    "src/addons/XenAddons/Showcase/Alert/ItemUpdateReply.php": "2e3bf707515b053285938a9b50565b7ca7c63956a13864a57bcc6001af5b01fc",
    "src/addons/XenAddons/Showcase/Alert/Page.php": "815a6167d6a6b8d7c84a122977f68b1b30aea4aaab3eb8dcfddde230a1e3d289",
    "src/addons/XenAddons/Showcase/Alert/Rating.php": "6c15b194bc8121e323f0605b0b5800b61f288f5895657e60e0c99b8d2dd9138a",
    "src/addons/XenAddons/Showcase/Alert/RatingReply.php": "fe3e29c15a635f31d9427934b74f3f7d59ed1cbca7801655d4b97f52bf981541",
    "src/addons/XenAddons/Showcase/Alert/Series.php": "39a15d39ed84878389425a71edb3c693c79e7ba067bf1e3590d2a339dcf9a141",
    "src/addons/XenAddons/Showcase/Alert/SeriesPart.php": "1e3de299b3ab8ac4f549bbc81bfc97de73050dc3dfcff128a17f13b0cafa6604",
    "src/addons/XenAddons/Showcase/ApprovalQueue/Comment.php": "808a2cbf361b010dd081bced1e8f95147c99f7e56ed3dd54703426456caf75ff",
    "src/addons/XenAddons/Showcase/ApprovalQueue/Item.php": "2ae36237bd7db4868c92496d431763d5f7e8aad0f4f6a116d425eb9df8113189",
    "src/addons/XenAddons/Showcase/ApprovalQueue/ItemUpdate.php": "9ee12412d9a6cde26440240de99324a4ffc9880e17a776dac73155a320d55a12",
    "src/addons/XenAddons/Showcase/ApprovalQueue/ItemUpdateReply.php": "7a07f2ccebb2dd1eb9b343d6fb01e5e19781dc19aa9d2aaf6ee2f77a074c61ed",
    "src/addons/XenAddons/Showcase/ApprovalQueue/Rating.php": "3847d6790b5e8b8c0c6713f13c6ea2549ba2b65ef12fd14cfd823169b7ae3cde",
    "src/addons/XenAddons/Showcase/ApprovalQueue/RatingReply.php": "b32b806e25ba4c65dd155aad274896565529a5189bc7a60e3e6c2debb919c6f1",
    "src/addons/XenAddons/Showcase/ApprovalQueue/Series.php": "1d2831de496c0a8b3ad9127edaf7a54f46374dbb7f49c5c1f93a6cac8001da6a",
    "src/addons/XenAddons/Showcase/Attachment/Comment.php": "858579fbdeec247b0bf176a5340b87a6cd0e15c5f4c2e3821ba90aa52bab352e",
    "src/addons/XenAddons/Showcase/Attachment/Item.php": "a2c225ae29ce9c1cef34317a7cb81429b852d6c403d1421786e0147b187eab95",
    "src/addons/XenAddons/Showcase/Attachment/ItemUpdate.php": "38c0ea3efa1469635ba7561163413e60ecf73f7d363a5ff126db3ae9de51e2e1",
    "src/addons/XenAddons/Showcase/Attachment/Page.php": "27f9d07d81114fd17ac3c65dbbb4f9209066090739d68c4ddce2fe873986c253",
    "src/addons/XenAddons/Showcase/Attachment/Rating.php": "7614df62a85f84b00237087e678d7e97bb2c510e0b8c508cd92f5632e208c3c9",
    "src/addons/XenAddons/Showcase/Attachment/Series.php": "caec6e90c8eb5a87180b60559aa16e1e6cc60754762c11138a8b8893199c2851",
    "src/addons/XenAddons/Showcase/BbCode/Showcase.php": "eb8fb42b29d8d33e03a26f4818294cde8cbc34814a0cf94ac1d5b4e2e1b3a988",
    "src/addons/XenAddons/Showcase/Bookmark/Item.php": "c96a01ec96706ba9667d03ad5c2fd437189c2dd82da895aa591c456599cc4379",
    "src/addons/XenAddons/Showcase/Bookmark/ItemUpdate.php": "c343e9ea039e608639aa43e6c118de4ea6e81bee9b36310e56029a9a4416af0c",
    "src/addons/XenAddons/Showcase/Bookmark/Series.php": "fe57c38bb4fd93d334fe78d1222196e0940bf6969df2e850779580ad1b777679",
    "src/addons/XenAddons/Showcase/Cli/Command/Rebuild/RebuildCategories.php": "831769fbcd6072332a1bac78a7de1d461027fd9ff79fe7d05b9530d9315e3afe",
    "src/addons/XenAddons/Showcase/Cli/Command/Rebuild/RebuildItems.php": "f919a524161a457934be0228b1103ca9d6af285a579eb4599d0335fdb8a9f48a",
    "src/addons/XenAddons/Showcase/Cli/Command/Rebuild/RebuildItemsLocationData.php": "1893d586958257332e95d820c77b43a6560b888f64d85042c75370819274e811",
    "src/addons/XenAddons/Showcase/Cli/Command/Rebuild/RebuildItemUpdates.php": "c2df7c55c7eb40ba940e629b1b339010de1091c255b8c661a05e9491f5b5774e",
    "src/addons/XenAddons/Showcase/Cli/Command/Rebuild/RebuildReviews.php": "0d8d6cc92225470c7f91cd0180750b98452f908f7654e210f4cc9f052d5c55fb",
    "src/addons/XenAddons/Showcase/Cli/Command/Rebuild/RebuildSeries.php": "4cc92f8d6de7f56a6dced628bb2a03d612205789baa8aba5310c66bc76e79cca",
    "src/addons/XenAddons/Showcase/Cli/Command/Rebuild/RebuildUserCounts.php": "6d5ee0e2e1ba61101b39088cab7706adaf9eb1595d08d6edc6ff6296f5088e52",
    "src/addons/XenAddons/Showcase/ContentVote/ItemRating.php": "395219ca78ef577a35c97b77a4ad9394a6333e2d5b75a8ee2f9d6b8f0ec45933",
    "src/addons/XenAddons/Showcase/ControllerPlugin/AuthorItemList.php": "0ecf55c6cfc686e2264e77a91232714d201760162e9f46d487c82b53b6bdedd6",
    "src/addons/XenAddons/Showcase/ControllerPlugin/AuthorReviewList.php": "342acc804ee7cb72fe866bc891ce9d397c5d7bde1a13d912261732d9e4fd6564",
    "src/addons/XenAddons/Showcase/ControllerPlugin/CategoryMap.php": "4f2dfb3618e7874aa07be413e7df79856883685a0d0cb5864429daae4077a0a5",
    "src/addons/XenAddons/Showcase/ControllerPlugin/CategoryPermission.php": "f3bc374b1522de8c4e39f0a5c985924c26b9031d1dbe49d76677b33f53dce56f",
    "src/addons/XenAddons/Showcase/ControllerPlugin/CategoryTree.php": "ad478909048b2233509e8639bbd2cdcaa7a1913d0b2a17294f75ac255cd62312",
    "src/addons/XenAddons/Showcase/ControllerPlugin/IndexMap.php": "655de7acd03cdb94c94edd8f19fae92e949b07e5fc8059503ae5bb2a4ad5f3e1",
    "src/addons/XenAddons/Showcase/ControllerPlugin/ItemList.php": "77d71f0da1addf375a687d83d0b49fe10c1083f06d74738486e2b40eb4c1ef9c",
    "src/addons/XenAddons/Showcase/ControllerPlugin/ItemsQueue.php": "0ae4a2201e388954a74b5437d6fa90a1cc7cd4c17f820e21fc91953a9a42759c",
    "src/addons/XenAddons/Showcase/ControllerPlugin/LatestUpdatesList.php": "3f592299eadc894c1d7f82a3a8f393e4763ae31777403d12e17e8a6524142846",
    "src/addons/XenAddons/Showcase/ControllerPlugin/SeriesIcon.php": "d5ea92ef7ef201a754e213afb53461af015e1a360cac71d8be640e9ba8ff2efe",
    "src/addons/XenAddons/Showcase/ControllerPlugin/SeriesList.php": "cb0db34495f05e3c4b466d8a0864eeb56deb15b7bcf80bf384b8414b3ca56c17",
    "src/addons/XenAddons/Showcase/Cron/AutoFeature.php": "7b9cd97ab7e9f7e20372c3ff89f3a061e8ed2e703c24ef6407495a19d0592f4c",
    "src/addons/XenAddons/Showcase/Cron/CleanUp.php": "9fa4937941867a88dc4c266e52cc9f801a007b11b331ff0d8b160a878a0d4e4a",
    "src/addons/XenAddons/Showcase/Cron/Feeder.php": "fc2f6facb2ffa4bf5f34185136ecda177a715f54b9d39da6f88e51374eaea746",
    "src/addons/XenAddons/Showcase/Cron/Publisher.php": "751a755a85f0ef2e60fe227b5e1eab6f17a871f516ff5cf0ee7cad7a6ab71655",
    "src/addons/XenAddons/Showcase/Cron/Statistics.php": "468bb1addf2441fdcf9b13d2aa93277f1cd2c5c47089c553c5a1767e75317cea",
    "src/addons/XenAddons/Showcase/Cron/Views.php": "5abb440fd68eb748f3bc5d888403cd6c26aff68e80284dbf72404fe6036ce0c1",
    "src/addons/XenAddons/Showcase/EditHistory/Comment.php": "1f5c9f9476c4fc32f889d1657634703d0af696b9ed4e8bb347d2c1ff1308e391",
    "src/addons/XenAddons/Showcase/EditHistory/Item.php": "7e4fcb7ea411ad135125bf4d61a2d841c39efc4841cce7a119fee5b560ad3a8d",
    "src/addons/XenAddons/Showcase/EditHistory/ItemPage.php": "8ae3cfff8bb6cc50ddf9faf831db89be9fbe9eff2a09d9139b214fd00e1030d5",
    "src/addons/XenAddons/Showcase/EditHistory/ItemUpdate.php": "8367e39d151e7bde78ab74c6771b455da21b570c17133ed37a4e0bf11719cf4c",
    "src/addons/XenAddons/Showcase/EditHistory/Review.php": "b0f88e53b5e2d368a92ca578807813b88923455dcfd350c1a6408242fdd6bb1f",
    "src/addons/XenAddons/Showcase/EditHistory/Series.php": "89ec0677c158858c8336e5a99280d66e275b2ed516c6ebf666d28931f5a7748e",
    "src/addons/XenAddons/Showcase/EmailStop/Category.php": "76936ea9ef7c377368a49ba387c2edaebfc05415203314de8ffa1501bd058558",
    "src/addons/XenAddons/Showcase/EmailStop/Item.php": "b96b57c31f3f84676a959cc846af459323bddc91f55682bd25c1fc4a9e836643",
    "src/addons/XenAddons/Showcase/Entity/Category.php": "d33f25b4e4924bb51adff1c4dea04db293f6b4bd2789b2e06045d5ec4909fc4d",
    "src/addons/XenAddons/Showcase/Entity/CategoryField.php": "588a73d42686ab182de70228261099cc6c2fce36777ce3a35b2a3e633b61cacd",
    "src/addons/XenAddons/Showcase/Entity/CategoryPrefix.php": "47bdfe84a0684caabaa2f596018e0bb505bc8ea5f6fdee0e0b0848d9e5e88605",
    "src/addons/XenAddons/Showcase/Entity/CategoryReviewField.php": "e8099dbe048716f9f10cc865691843ba5760fc1dc7638635c4097210e34909c3",
    "src/addons/XenAddons/Showcase/Entity/CategoryUpdateField.php": "cda25b39f99a8194df51428e46fa99d4684b6d08dcb07bcf0b0f321111f91c55",
    "src/addons/XenAddons/Showcase/Entity/CategoryWatch.php": "39e1ad33db9f9e81244d8473f5e2b27cd81427e94688eaeec60d23420d304999",
    "src/addons/XenAddons/Showcase/Entity/Comment.php": "86e80766496e5e3e07dbde8a9b58c0f4d43c9134bc09df1fa7288934e3d5cdcb",
    "src/addons/XenAddons/Showcase/Entity/CommentableTrait.php": "ef6cc6ea63fe474e0bc89b05974a56d49754ecdee643d9956c9744ce1fd5f80b",
    "src/addons/XenAddons/Showcase/Entity/CommentRead.php": "edc92edb75b6028badcdac9f2f03a74bcd63db18c62dc6ed320d68101d00fb7c",
    "src/addons/XenAddons/Showcase/Entity/Feed.php": "7db3bb10cf4400d66b2e639d28bb1eab3717311421fb9ffffbf0256bce2a1e57",
    "src/addons/XenAddons/Showcase/Entity/FeedLog.php": "b71c07a4e8327a02fb64c3546f76c4805dfcbb585ef4a704c0983016aeb9cbeb",
    "src/addons/XenAddons/Showcase/Entity/Item.php": "7c177290cf8c5c4a7ebce5275bed2e308d160b6dc37f1674630448b8553e929e",
    "src/addons/XenAddons/Showcase/Entity/ItemContributor.php": "4d2fbc26d0a8ac8916697ad90ea2fcee554c21a04b3967d990490aa94a97000c",
    "src/addons/XenAddons/Showcase/Entity/ItemFeature.php": "5225f2fce502c1bef1f4334e84b48216a1cd4b5847aae3f5838339bee3fb36e8",
    "src/addons/XenAddons/Showcase/Entity/ItemField.php": "35e637d18624f396cfae8cf5c8b5a65a54699fafd0b04dc47c9767b9c0c3ef2b",
    "src/addons/XenAddons/Showcase/Entity/ItemFieldValue.php": "ee1bf441d0e4eb33f3ef7b1101ea0d86b26a510e35e4761e8a28af94343cb003",
    "src/addons/XenAddons/Showcase/Entity/ItemPage.php": "70a4e61360cf1805c4d1bf8603c0e892e9be0059161f5812a6565ce8498aa6ae",
    "src/addons/XenAddons/Showcase/Entity/ItemPrefix.php": "0153e6761e754ea43ed4ef1f86151429dd0d7e23db07ff74f4666b71e688fc93",
    "src/addons/XenAddons/Showcase/Entity/ItemPrefixGroup.php": "5931d92c2a16f292331cbeb5e034b6669ff6baef9f18be2d153d9d7190c036b0",
    "src/addons/XenAddons/Showcase/Entity/ItemRating.php": "1f3943e13fc899271a2a8f48572a242766423de36e94fdca56f9bbf9df174c9b",
    "src/addons/XenAddons/Showcase/Entity/ItemRatingReply.php": "1f647e37cf654a637e7c56bddc57e329b251fe637f8449882840ebe8baf9ce03",
    "src/addons/XenAddons/Showcase/Entity/ItemRead.php": "0471078e5b249f4ceee61b1856fd26c504168452111ba2a7ae32cbee82198bea",
    "src/addons/XenAddons/Showcase/Entity/ItemReplyBan.php": "89e20990dbcca046dbbb75276aad1a80eb1a4b5a1fbb51292e0e505c406e56cd",
    "src/addons/XenAddons/Showcase/Entity/ItemUpdate.php": "ac079ae2d4d4171987a74f65b4fe60f16be2f874c6282ac76599c14384e7ba73",
    "src/addons/XenAddons/Showcase/Entity/ItemUpdateReply.php": "21e737154718b0d20ce50ec0d09d004ee667603d0c0265270460a4fe69ced1a6",
    "src/addons/XenAddons/Showcase/Entity/ItemWatch.php": "d2c3fada645d2f189aaf65e1d9eca60d38c5771baa22bb1a8eb2b6b640e722f6",
    "src/addons/XenAddons/Showcase/Entity/ReviewField.php": "3959d3baea6fde691de1656385dbceba9666117cdcc6c02a3c399322c0a34f54",
    "src/addons/XenAddons/Showcase/Entity/ReviewFieldValue.php": "0bd76b82a646130cc44faef8601fc7ce73d8524e5e269a5adf6754d3194edf6d",
    "src/addons/XenAddons/Showcase/Entity/SeriesFeature.php": "97da9d9d65eed5df79fa44c606c00d24d6d3c477c86cd8cf31d659cbaafc411e",
    "src/addons/XenAddons/Showcase/Entity/SeriesItem.php": "c771d59fff315e94a078e7dbdb2331517e7f9e5796b06eefca06d981c608f89b",
    "src/addons/XenAddons/Showcase/Entity/SeriesPart.php": "ee39ff9ed6d45e7028c858bcf4c1171847151d80089758d0e9aa0ea0e0f31570",
    "src/addons/XenAddons/Showcase/Entity/SeriesWatch.php": "6811695f2277068aa13cde4cd6bc4df460138a577a187b8fea1a68e784bd95c9",
    "src/addons/XenAddons/Showcase/Entity/UpdateField.php": "cf8e212dd0867324701546d7ba2387277fca8c365fba7e48844b68dd63442fd2",
    "src/addons/XenAddons/Showcase/Entity/UpdateFieldValue.php": "3ebdefa5632119810faaa3f87fe43d9d32a15117366aa983c5370e463d407bf0",
    "src/addons/XenAddons/Showcase/EventListener/MacroRender.php": "66c311078dcb2dc65ad718160e7af16d366aee7ae75b2d624b22411807be7b75",
    "src/addons/XenAddons/Showcase/Finder/Comment.php": "b5003dae449018f0e6cb751f647ff04709a7742190946dba6a6718899b1aae23",
    "src/addons/XenAddons/Showcase/Finder/Feed.php": "87e511ac8977c97fd1e723120fcc5f57ac999f9364ef110cfe8d393c63b1e2a5",
    "src/addons/XenAddons/Showcase/Finder/Item.php": "5a94974b1aebec98ff6ecc4067727239c285e5ce5a5a9a50c4ce0675dd51af82",
    "src/addons/XenAddons/Showcase/Finder/ItemPage.php": "39d874a732d0bb24f02cc61fe8a70415d6cf5d6508336a26a96ba0e04a49a90c",
    "src/addons/XenAddons/Showcase/Finder/ItemRating.php": "0b07f0a38101dbdb68a96ff255e643c34f193221cd70e3d01e5b8764a6de4791",
    "src/addons/XenAddons/Showcase/Finder/ItemRatingReply.php": "d2be0e5c39ad9e744639ee0895721efcafafc0aac01f74588e63d8a7418b3f48",
    "src/addons/XenAddons/Showcase/Finder/ItemUpdate.php": "61a2ec36e6fb060c6a738b91d30df393612603ad204c0fcb00bcc50fb3a0a16e",
    "src/addons/XenAddons/Showcase/Finder/ItemUpdateReply.php": "f367245e94191bf4031e2045ea9897e16cc1c2b777c7ca39d2e699a94f7fb44e",
    "src/addons/XenAddons/Showcase/Finder/SeriesItem.php": "ab26d1209cbc70aca3c8304ef23d90ca836b350f55824cc738be7aff585e3eeb",
    "src/addons/XenAddons/Showcase/Finder/SeriesPart.php": "653630ce01c1de5dfd18353bc3dec7d003ea3fafaff52c8612f3939db17f5b55",
    "src/addons/XenAddons/Showcase/FindNew/Item.php": "2ca51151859bdb9caf27577674385622f6df688ecc6abc6a192b38fe4e970ea4",
    "src/addons/XenAddons/Showcase/FindNew/ItemComment.php": "06d1950413949685313e3ea6e2ee3a0c7b87ea54db641b2b25b3d6b5dc35a30b",
    "src/addons/XenAddons/Showcase/InlineMod/Comment.php": "f1790878d15e077cda4fcf36c9bfa448f3bc7e14c1e675739bf815e5ab9e6760",
    "src/addons/XenAddons/Showcase/InlineMod/Comment/Delete.php": "de6a7bf0c299f616bd04ad7dc8827e5e3df94750f05cedf7cf0e6716b5124f14",
    "src/addons/XenAddons/Showcase/InlineMod/Comment/Merge.php": "706f56fb0d34a1cf567f06943d6f87f6d0fc49f86617db81357043adb9ffbf2d",
    "src/addons/XenAddons/Showcase/InlineMod/Item.php": "ef577f5e6a148b8a294735c68d4352ff3158eaf8d339421c477a8542c14ebb24",
    "src/addons/XenAddons/Showcase/InlineMod/Item/ApplyPrefix.php": "7fab8888eb7a0cab12df8eafbf65c0b0ad509e106bead37d312a043e729164cc",
    "src/addons/XenAddons/Showcase/InlineMod/Item/Delete.php": "077a3c5a700ab5d30c6e0331f03e4f1d780cb5c5a2af5809b5a4adb8e18d6c4c",
    "src/addons/XenAddons/Showcase/InlineMod/Item/Merge.php": "6dc4fb824243935dfe2c1f9ecc63393772b43f9f2702f3c76ade19b21545a33f",
    "src/addons/XenAddons/Showcase/InlineMod/Item/Move.php": "4ea5b880ff630e9b8e43192cc37b784db179074c757aa7c54f5f1b41d87f73ec",
    "src/addons/XenAddons/Showcase/InlineMod/Item/Reassign.php": "9d856b4825dadf85bd6be204474151f23fa252ba850f826464f1681c909ee1eb",
    "src/addons/XenAddons/Showcase/InlineMod/ItemUpdate.php": "ed5b2c010ec99cb9b95169aa119ce523533a3ea7a303b1a099355c9a11b1261e",
    "src/addons/XenAddons/Showcase/InlineMod/ItemUpdate/Delete.php": "7a04743e07fd6ca90dcc79fe2d94fdb80301704ac7c372aca8170ce48a02500c",
    "src/addons/XenAddons/Showcase/InlineMod/Rating.php": "20101ac43238e2ee5ecb6904324dc5516b617c08c2ded0d4eb30d6a92970008f",
    "src/addons/XenAddons/Showcase/InlineMod/Rating/AbstractMoveCopy.php": "a54a64c5df07e995ba0eba697811ecddd6b484ee6537aeeaedf3774f0239b91d",
    "src/addons/XenAddons/Showcase/InlineMod/Rating/Delete.php": "353dae9d0c012de5efb77d5864fe5af654b55c059061f8959b191bfcaa2f4d2c",
    "src/addons/XenAddons/Showcase/InlineMod/Rating/Move.php": "ad4548643ceaf78192736541e3c9a73cc5b359e5a8004d2ed5b467a91d211600",
    "src/addons/XenAddons/Showcase/InlineMod/Series.php": "0faf22e4e9668b1b8991f9461d8c957d98e81b01c9537ab60789401f013ab159",
    "src/addons/XenAddons/Showcase/InlineMod/Series/Delete.php": "c9ba84e901944f0f3f3b6a3419becd8cc4882b975bae61cd632aede683159608",
    "src/addons/XenAddons/Showcase/InlineMod/Series/Reassign.php": "6b141b9d0f7b1ff5105f14ed1148da5ff3f8a8b9753b9b46795ef7437b09e68e",
    "src/addons/XenAddons/Showcase/Job/Category.php": "f9352a047c4fb89ba53c5c31573ab7fea5cdeec296a3bbf45ed17002e15a8c20",
    "src/addons/XenAddons/Showcase/Job/CategoryDelete.php": "651538a7a31a72c32375b71d6df4521f2f3e08aeed50476685b0d4ffada1e625",
    "src/addons/XenAddons/Showcase/Job/Feeder.php": "d494f9342b126bdb5c46f8ca59b35259093b6aa351798beb6336e3b60f67ab3a",
    "src/addons/XenAddons/Showcase/Job/Item.php": "950d330307fc9f5c91c0d5a2c34ae490ffa5362b84e7e46c6fc99bbd3312b9ae",
    "src/addons/XenAddons/Showcase/Job/ItemAction.php": "624a015bdb3ea08b54c3016c505bfbf43bfe3665a7386ab0d66e3fe5b0b260d3",
    "src/addons/XenAddons/Showcase/Job/ItemLocationData.php": "4f47d5a18758948edb2bebbe01b87b510969c03e97fa27d5b4000208585ef1c3",
    "src/addons/XenAddons/Showcase/Job/ItemUpdate.php": "bedd89b877c58aa1aac4503d3af5f123c8b1ee8f577bf03a03f37a1e937653f9",
    "src/addons/XenAddons/Showcase/Job/Review.php": "f44b479cbf117e731750c534ac296baf8d031a04288d1a3b507cca92b35ce6e1",
    "src/addons/XenAddons/Showcase/Job/ScCommentEmbedMetadata.php": "cf8c831c3da91f4ff7593f2b68accf617db53d03a2419b74306472bb6e86377c",
    "src/addons/XenAddons/Showcase/Job/ScItemEmbedMetadata.php": "3cf71bc40ea15aa4597cec218d563d8ce229e66fe37f56aef70664ffb0bf2da2",
    "src/addons/XenAddons/Showcase/Job/ScItemPageEmbedMetadata.php": "11f32085c19e6050145d98f618d8adb7f0c7bd054a8cc98ff1cf0775d747a1b6",
    "src/addons/XenAddons/Showcase/Job/ScItemUpdateEmbedMetadata.php": "e4aee9d295669b62a38ca637d9ee8de906a9454a6ce299baeca34df6f8abc192",
    "src/addons/XenAddons/Showcase/Job/ScReviewEmbedMetadata.php": "35bd3f45e222c5dbdf83d47c140e673fbd3b7c02a12f97118d0c056a6717beb2",
    "src/addons/XenAddons/Showcase/Job/ScSeriesEmbedMetadata.php": "286e3d27fc70b213fe123b3e22fdc281e63a99c6db8e4dedaab3445d4f5268e0",
    "src/addons/XenAddons/Showcase/Job/Series.php": "a68c6f81a5908c4f9e2faec8efd48f1eb65f01d4c0e6a9666e12f9d08001d344",
    "src/addons/XenAddons/Showcase/Job/SeriesPart.php": "0818b302ad05c5ebfd8dbe045c47a888e171607e35959012b1b62bd3e0eefd79",
    "src/addons/XenAddons/Showcase/Job/UserItemCount.php": "2b99c79c4193a6c15d321a5899eb4404a8683b7572ef3000b5529a70b7b9493a",
    "src/addons/XenAddons/Showcase/Like/Comment.php": "736ce608d3f2cd8ea08cf2e1665aab9c3d1c87d11c5ec7b75c2d26d9fdb7d6f0",
    "src/addons/XenAddons/Showcase/Like/Item.php": "09f1bb6ac16b304697985eca9004bf5a9bd71bab04c1a3066cb063cd609603c7",
    "src/addons/XenAddons/Showcase/Like/Rating.php": "a1ba558d140331cec19129d3bc5688c3436d8bc909c7f2ceab41c77e6b0e59cd",
    "src/addons/XenAddons/Showcase/Like/RatingReply.php": "39a8946304fdef48f15a7884eed1fcba1fb78a8e0523299c4b92a15c9a9e05a1",
    "src/addons/XenAddons/Showcase/Listener.php": "468ee2b37802d16b21b19980c72fe4f914d0a9630ea8b4f700c5375a508d23a4",
    "src/addons/XenAddons/Showcase/ModeratorLog/Comment.php": "7fe9709eb794811c3053f51724630858604e9742d50d8e300a59d9ef16522d6f",
    "src/addons/XenAddons/Showcase/ModeratorLog/Item.php": "db4b047fa052a530f44bc0571b4779f037ba2c5cc19d73d77487785a1766c4aa",
    "src/addons/XenAddons/Showcase/ModeratorLog/ItemPage.php": "3e12c49ddb2959c769963d9470a91220cfd0b2bd340cbf9f7c357ee0f4bbd05d",
    "src/addons/XenAddons/Showcase/ModeratorLog/ItemUpdate.php": "ad1f66a75202dd148cb1f887ac22a427bc420a8bc57d22abe0f32b4ca6ce9b02",
    "src/addons/XenAddons/Showcase/ModeratorLog/ItemUpdateReply.php": "e6b009014e0c35d88455aaab180802d4474aaecab2d0b798a096e4adc8c7e7ba",
    "src/addons/XenAddons/Showcase/ModeratorLog/Rating.php": "abb3d1060b55a0a508c5e90f17ab8160c2a5b05bb8ed87d5b55e407adfb00de8",
    "src/addons/XenAddons/Showcase/ModeratorLog/RatingReply.php": "affa0e78c769165534f73dc810fd68145e6f00231fefdac8aaee6e0ca1480e38",
    "src/addons/XenAddons/Showcase/ModeratorLog/Series.php": "0d464a037e475d29db3425c419c0aa192ceedacdb6ea57f58f36d7d14dab6f61",
    "src/addons/XenAddons/Showcase/ModeratorLog/SeriesPart.php": "e7bfb1fc635b76e659d1e1e6572d4602627e0bae7e1941bb9a4af5d1c2600686",
    "src/addons/XenAddons/Showcase/NewsFeed/Comment.php": "88262fe9342d344c13e26d73e3dc0ec978c751c985b03f0388ff5676410036bf",
    "src/addons/XenAddons/Showcase/NewsFeed/Item.php": "243c7a47edce81430ad33ad137586e8fa8ccfc2a1053d942146d2ebc8663dd3e",
    "src/addons/XenAddons/Showcase/NewsFeed/ItemUpdate.php": "611172368f45d8b5db0ab00b16d0e0b3412e1ea8bf9b87924af8276979545338",
    "src/addons/XenAddons/Showcase/NewsFeed/ItemUpdateReply.php": "48bb628ad6499164f6e155a72e551a6852431fecbd760f5317f7d37a53fcd42d",
    "src/addons/XenAddons/Showcase/NewsFeed/Page.php": "ff65dba4833ee309f9ece3e6165d0cffd3abe3d689daf3b4695d420403e791eb",
    "src/addons/XenAddons/Showcase/NewsFeed/Rating.php": "06c24f99432edbbccc7949fd2f949f0b64160405110162101b0429931e6f7b4e",
    "src/addons/XenAddons/Showcase/NewsFeed/RatingReply.php": "88168291c030e572064c3bbd87fa90f4585b2cb0ce3abd337070d1832ca121ef",
    "src/addons/XenAddons/Showcase/NewsFeed/Series.php": "0f938a6cf8a7b3fd6bbb66b468fed7a3cc84beb482c2f592eb04a27aca86bda4",
    "src/addons/XenAddons/Showcase/Notifier/Comment/ItemWatch.php": "21c2754962138b2bc019359f22a58bb2512cdcd8e693bb0c653a986f9cb1c14e",
    "src/addons/XenAddons/Showcase/Notifier/Comment/Mention.php": "706022f6936e2410b7d7795978436b122dd3b62241861d01fc8cd1ea25a7d6f0",
    "src/addons/XenAddons/Showcase/Notifier/Comment/Quote.php": "da444b6348cd11e5b26100b79d5b1cc43135bf0753aa7dff93720d207dc4b5c5",
    "src/addons/XenAddons/Showcase/Notifier/Item/AbstractWatch.php": "351db000ad9f0d8ae87e146e9c45b44b3954223373d9b455172379f3f3cc6ff8",
    "src/addons/XenAddons/Showcase/Notifier/Item/CategoryWatch.php": "be9680320ca6549470c90bdb9af1be34a69ee80eb1e3bc2d1d32e07642f3b9de",
    "src/addons/XenAddons/Showcase/Notifier/Item/ItemWatch.php": "525c4af9fbe754bc5f89a6b8b600c9c43372cef52d1c369bcef750fef4660431",
    "src/addons/XenAddons/Showcase/Notifier/Item/Mention.php": "b545e877f6f62e05057110900f3207c3c129dbe0107cf54c4e159da6b074f643",
    "src/addons/XenAddons/Showcase/Notifier/ItemUpdate/ItemWatch.php": "dccbe2819ca71a5420c6032b7df37b15af2a90739da2b429aa193ad6ce2e53ac",
    "src/addons/XenAddons/Showcase/Notifier/ItemUpdate/Mention.php": "87ea8f843c863b799f313191abbdb02935941ea8eca26942d2b6bfce4396779b",
    "src/addons/XenAddons/Showcase/Notifier/Page/ItemWatch.php": "f534540c08c26d7589c98474f11b9f000af869be590d874c4442c733a2830152",
    "src/addons/XenAddons/Showcase/Notifier/Review/ItemWatch.php": "8193951ad3198b17bb6b62d2e5668076fd0011c129d094f3617b69abcdd542cf",
    "src/addons/XenAddons/Showcase/Notifier/Review/Mention.php": "e9f163a5c3d7471718177a82c07a36c5d7784295c4eee0a16b377795596b0046",
    "src/addons/XenAddons/Showcase/Notifier/SeriesPart/SeriesWatch.php": "d5f6041b194fdfa47b94d21e534eb1ae002925e5e9d3b32b2234dae50be7772a",
    "src/addons/XenAddons/Showcase/Option/Category.php": "430639727e254a2ac8e23e2b551b38e3015c3620bb10df59f69a00a6a4254355",
    "src/addons/XenAddons/Showcase/Option/Style.php": "d23502dbc38356f04eaa4228e62ffdcf0987d7a06f6e86a2dcd479dcb0b47d3d",
    "src/addons/XenAddons/Showcase/Permission/CategoryPermissions.php": "4faf6655a214c75b115ddff549d601ed3f5a48a8289036ddff4293915ef8b7ea",
    "src/addons/XenAddons/Showcase/Poll/Item.php": "e1d734b16ef1cf7d4853f566d7053afe2a6c4e12bbd6850ffc4a0494a7960517",
    "src/addons/XenAddons/Showcase/Poll/ItemPage.php": "6a035748ab2994a2926bcc6355258665c09b17dd3a01b55d59e16b6c02d5ac1b",
    "src/addons/XenAddons/Showcase/Poll/Series.php": "85c9097c99e18a0718afbb717e395318ea4378e6ff0e6c0cd0684db636a027fc",
    "src/addons/XenAddons/Showcase/PreRegAction/AbstractCommentHandler.php": "babd0df77af8493ab91b5d1942c8307b0c4c3264948831883f8aaf41306ff52e",
    "src/addons/XenAddons/Showcase/PreRegAction/Item/Comment.php": "8cdbf372e9d769a0f9a8d5515e4bcefe4525a36e68080ef74ef0e34cdc67e06a",
    "src/addons/XenAddons/Showcase/PreRegAction/Item/Rate.php": "704881dba5ecd96397f4e7e17146b4aae91c6dcb29c6cd4bbd5a980925d62ebb",
    "src/addons/XenAddons/Showcase/Pub/Controller/AbstractComment.php": "c9b04e43f7ebcafe97610c9e58b03d4db5b622ce1750681a5d472dd2ca7478ae",
    "src/addons/XenAddons/Showcase/Pub/Controller/AbstractController.php": "af2f12443a12a55ad0339ce0b3836c6b181f90c95cf4e2c3f832d21f09f359a0",
    "src/addons/XenAddons/Showcase/Pub/Controller/Author.php": "6bbc8585d5109b67a8ae30f5eabbea2aa148263019430006fd0ad2d8ba0e10b5",
    "src/addons/XenAddons/Showcase/Pub/Controller/Category.php": "17846a978be7e7ac96405a74a34be2ac8b7fc21bfb4f7c3f5900b03350d60a25",
    "src/addons/XenAddons/Showcase/Pub/Controller/Comment.php": "86c1fffbe3e86056a292ecdaa33a90ff0d7cad0962a561b882ca2279a60ba891",
    "src/addons/XenAddons/Showcase/Pub/Controller/Item.php": "6ac451ffedbbb7a00b63131dded06d72c060673b9a6359b097ee5aced0733c60",
    "src/addons/XenAddons/Showcase/Pub/Controller/ItemComment.php": "0dbcb73da91f9767213cf4e6521bf1a3f14c827176ab143c22e47a5e75075c6d",
    "src/addons/XenAddons/Showcase/Pub/Controller/ItemPage.php": "0e63604a42ca991a6f0ef8d40f6b5c2d893d90ec10ae2b8274a02609c14e5397",
    "src/addons/XenAddons/Showcase/Pub/Controller/ItemReview.php": "fc11ffc6e85a7e44d41bff3ee15439cbbd41c2d728a85556d71f71081afb026a",
    "src/addons/XenAddons/Showcase/Pub/Controller/ItemReviewReply.php": "d90780be52d03ae1ca48a8d4f892ba405cdcfe857ee3b6a6f8bb06846f75a9cf",
    "src/addons/XenAddons/Showcase/Pub/Controller/ItemUpdate.php": "b9c77d274d6c9c4b71fa3ffd9289621c0f38ccbd2e436e8869ecdc1c5e9e95c9",
    "src/addons/XenAddons/Showcase/Pub/Controller/ItemUpdateReply.php": "4aec20296c19b7a7bbee2f9d5bde6427354efd3ab9c89d464aa67d9ce754a7ef",
    "src/addons/XenAddons/Showcase/Pub/Controller/Series.php": "83fe5946435511ef05b018cdaf11983dd6c6f5025011ea01b5df2319b6a0386c",
    "src/addons/XenAddons/Showcase/Pub/Controller/SeriesPart.php": "6fbd99340028206bda4782026dafb14b795dca69caf5bdd3d047d3b8546a83b3",
    "src/addons/XenAddons/Showcase/Pub/Controller/WhatsNewComment.php": "01a40850e1beca86a5e3ce97e48541894e92dce0738012fcd80b7c090290f247",
    "src/addons/XenAddons/Showcase/Pub/Controller/WhatsNewItem.php": "cd39932d36fe950f19e0330a6f442e933adc232aa5f132fda5ca157a3cd9c9ef",
    "src/addons/XenAddons/Showcase/Pub/View/Category/Rss.php": "dcc037b4b84e27504543f30b70661284ec815995caf3f40b678fce299d3f023c",
    "src/addons/XenAddons/Showcase/Reaction/Comment.php": "e7cb52cd1bd82780ff56896dc3be68c716a75c80ee34d3ca4c2de1668d568098",
    "src/addons/XenAddons/Showcase/Reaction/Item.php": "9b6410a4fdebf425d2b24b45bde95fc4e04189281ca10bb9dc1d90ba79ab724b",
    "src/addons/XenAddons/Showcase/Reaction/ItemUpdate.php": "dde8322522166e07320ce90f928ee3ee0973b4d6dbd6a0f814c4f71f7d2641dd",
    "src/addons/XenAddons/Showcase/Reaction/ItemUpdateReply.php": "11b5e90d960d1b505d392167140140116b9b2d1ffeb7122183955e82777b3498",
    "src/addons/XenAddons/Showcase/Reaction/Page.php": "c9518802e01c09fab046421712e8aa811d9c372ccdf071c92cef06164215c661",
    "src/addons/XenAddons/Showcase/Reaction/Rating.php": "349f71a94d2b60d59dd6f1581b442490e0008712287097b58277eb119b6863ae",
    "src/addons/XenAddons/Showcase/Reaction/RatingReply.php": "76c6816bada7d56961fcb886af2a616cf62380f21c376f7268e87ad1b56abbae",
    "src/addons/XenAddons/Showcase/Reaction/Series.php": "9c09424615e172dbf6720c7661c8c027b5be165ba1235e3b62ba112fc9f1b07d",
    "src/addons/XenAddons/Showcase/Report/Comment.php": "3bf1f7f7546068be30a07ddcab118c2b0fdd03dbcdae3bff603afdf4739194b0",
    "src/addons/XenAddons/Showcase/Report/Item.php": "edfa0a7011619c07f1208936148a76d098fe4210ce907b21e5f275012320463b",
    "src/addons/XenAddons/Showcase/Report/ItemUpdate.php": "c7e65c65fd8234d97530eba70711cce6dcaf2a426161d860de75220e1ff0482c",
    "src/addons/XenAddons/Showcase/Report/ItemUpdateReply.php": "017d119d512d26b70a8420309a3286931296dc339998000163dfef8ab9215cc9",
    "src/addons/XenAddons/Showcase/Report/Page.php": "964c530a53cb0c9740dba6c39f1593433bb7d70286723e2e0901bc718a12dcf1",
    "src/addons/XenAddons/Showcase/Report/Rating.php": "da6ce371b896bd353cb52276ef42be678d4b9c9a01bfae1392bcff3b9bd03812",
    "src/addons/XenAddons/Showcase/Report/RatingReply.php": "0a5c12736687717b011eaa6ad1f337905132ffabfee35cc14c144edc9a99b470",
    "src/addons/XenAddons/Showcase/Report/Series.php": "1b1cffa7b6f7921b4b9bca18ff7090bde427e563fb5932b1e4f620e4bd0c2026",
    "src/addons/XenAddons/Showcase/Repository/Category.php": "17eab8b547eeb86083d7a2420acfb2cdbc3b1a86572bff8c4b320aa61664a0b0",
    "src/addons/XenAddons/Showcase/Repository/CategoryField.php": "fa1f0a9685928227798e7d7df3187d987f06efca09279bc635d368064f486d9e",
    "src/addons/XenAddons/Showcase/Repository/CategoryPrefix.php": "6853f119c617a7d397fbc480a35b332b47f89263b59ee99d89b83a95f2662e26",
    "src/addons/XenAddons/Showcase/Repository/CategoryReviewField.php": "d766462321353ade05bdbaffed241a8842cbd40830299c43dd4d2bbdb8deafa6",
    "src/addons/XenAddons/Showcase/Repository/CategoryUpdateField.php": "0667f05d2324094d988194b83fb15c8718bdc4f701d1a621d1f8bbd9b54bbc89",
    "src/addons/XenAddons/Showcase/Repository/CategoryWatch.php": "f55ec723d38b8161a0ce8d2ea0e977132f42638f5bcc0366e3ac0b99c31f369f",
    "src/addons/XenAddons/Showcase/Repository/Comment.php": "8a099ccb8c78b0a3e77b2926c18b971a3b42a00af80b76fc5e0414462ac5e27c",
    "src/addons/XenAddons/Showcase/Repository/Feed.php": "a2ea2dedbd6d075e5f64d0e82c34de0a22e3613f174f31b94a079ac7c1c4af9b",
    "src/addons/XenAddons/Showcase/Repository/Item.php": "e2a450094a9d5c4abebcf6dcf6285dfbf081cde3a7f613507a75c3bd5a865a34",
    "src/addons/XenAddons/Showcase/Repository/ItemField.php": "35404ca7c42eda534007b53f509f1413cf01edb3f8fb4edf8eea811cc29e66ab",
    "src/addons/XenAddons/Showcase/Repository/ItemPage.php": "122f64aaeae4e8d3d4f5ae30c6a5833b6fa017b725e1e698b623887908511fe7",
    "src/addons/XenAddons/Showcase/Repository/ItemPrefix.php": "49cc4415b8a3630fa6bfacf94637ec54885d9f79a3db68ca85125c461cd72b55",
    "src/addons/XenAddons/Showcase/Repository/ItemRating.php": "ab770267011a522338f93a789e40b81248c0075c403dfa27c15523130b359e45",
    "src/addons/XenAddons/Showcase/Repository/ItemReplyBan.php": "794fa7991f982e1b5c19e7e7224c02195e4cef8d721736e9cb01055d13d848d7",
    "src/addons/XenAddons/Showcase/Repository/ItemUpdate.php": "ae439c2f257d5929d4f61ac1787b2edb6bbddb19eec01017200d4998c8a46296",
    "src/addons/XenAddons/Showcase/Repository/ItemWatch.php": "5c294ba08eaa2ed4d9c8d64982c3e76a99601257256319d27ac82571d7e15b02",
    "src/addons/XenAddons/Showcase/Repository/ReviewField.php": "e115c32dc732916a14a2ba96d02106dea351ae73645261618845812b0bd45eb3",
    "src/addons/XenAddons/Showcase/Repository/Series.php": "337814613e6c3f36d794de7bf6cc46ee3e9857303bd610d3485a3b04ad2f12dd",
    "src/addons/XenAddons/Showcase/Repository/SeriesPart.php": "f6837b3c5382f636e3055a9386cfe1de899bef910328f52ca2a036ee191330fc",
    "src/addons/XenAddons/Showcase/Repository/SeriesWatch.php": "0f2c89c4ec6a2b3fa708f0f49f0a61e3994e5af697964380566f77d68145d386",
    "src/addons/XenAddons/Showcase/Repository/UpdateField.php": "fd859b168f60ff08f430ffb58f5774f9c885effa54d6274219cbb7d34e8f7ffa",
    "src/addons/XenAddons/Showcase/Search/Data/Comment.php": "14a08bcc5fa45fae3d0453b82399aedad5e53f206353da65a974d31cc7cbeb06",
    "src/addons/XenAddons/Showcase/Search/Data/Item.php": "ac92f9aa57d64f74169fe4c55642981c91c23dc856547ff7954d6a086bcce100",
    "src/addons/XenAddons/Showcase/Search/Data/ItemUpdate.php": "65870758bfd924658eeb406337e5c22475e2a3f2344f92b1c5fba53267644e7d",
    "src/addons/XenAddons/Showcase/Search/Data/ItemUpdateReply.php": "8af3d158214020f71ed5960ddc6dac57e375a86f3b00409420195ea0c9ed5e5e",
    "src/addons/XenAddons/Showcase/Search/Data/Page.php": "cb3ea775a2fce2f52042c47d6b84a522c3a569b81eb5cdc8fc86f44998c8925b",
    "src/addons/XenAddons/Showcase/Search/Data/Rating.php": "6915f7f9aa0e91f3b810c320ad479df91b8b3d1e9d91dd6487f395426e3de714",
    "src/addons/XenAddons/Showcase/Search/Data/RatingReply.php": "2ae92291a4fd68fadd89f2058d9f5cdf39ab59b7565252e7a5551668443c75cb",
    "src/addons/XenAddons/Showcase/Search/Data/Series.php": "42137aafe5522cbc4937355ae75efc3a0e0f537874e82406517ebae7635d832f",
    "src/addons/XenAddons/Showcase/Searcher/Item.php": "244feff9cc348c5bb1502acb30b9dd4495e2707531327460d92cae1baf4d1812",
    "src/addons/XenAddons/Showcase/Service/Comment/Creator.php": "0d46de455f9c135ec25c7faeed5e38780a0e484ce88a7f04a32f5b81e33bfa37",
    "src/addons/XenAddons/Showcase/Service/Comment/Deleter.php": "10fde1f164c29f6e3c15c38802db2d11a92b2ff9ac43f732fb82790d0156c96c",
    "src/addons/XenAddons/Showcase/Service/Comment/Editor.php": "56e0e0bc96e7eaba0aaf8d82870d31efc20ced45a238dadff8fb640a84c75237",
    "src/addons/XenAddons/Showcase/Service/Comment/Merger.php": "52d4b49d959856ae6cef2c3ae84ad8b8bdb1087f4b79d97ddb3583776ff4b382",
    "src/addons/XenAddons/Showcase/Service/Comment/Notifier.php": "be3e52cc3f4af9f71da5fd8eef5919c5f98613ccdc4174bb38715fd91707519c",
    "src/addons/XenAddons/Showcase/Service/Comment/Preparer.php": "ffc2b31dcc3e187ca344ebe7bfe44b7e5d82a78bba677701585faf3aa40ffbab",
    "src/addons/XenAddons/Showcase/Service/Comment/Reassign.php": "0e2953f03746e21223c81611addd19b88683aa0a3a1059e94f549b1b248735e2",
    "src/addons/XenAddons/Showcase/Service/Feed/Feeder.php": "2a2e5241333fed0f611c0609de01930395764c9e088becec5b4e92a9b2f89a89",
    "src/addons/XenAddons/Showcase/Service/Feed/Reader.php": "af15d910af69d71c5afd2e3a09bf91159a982d2a77180d7b25bb472f50394463",
    "src/addons/XenAddons/Showcase/Service/Item/AddPage.php": "41d15bc6041d5a4e467ccf7005aabb1423904d02f95083c32e6ff9bb26b3b6b4",
    "src/addons/XenAddons/Showcase/Service/Item/AddUpdate.php": "3c8d9348770e6bbb2fe1a62c79cc02f281d9e3be08da9c4ef8a1eae09a38ed4c",
    "src/addons/XenAddons/Showcase/Service/Item/Approve.php": "b23da43a279d933b1f75f0f00d9a1a151eab5eacb1f82b7449b3220cebeceb87",
    "src/addons/XenAddons/Showcase/Service/Item/ChangeDiscussion.php": "3ff4615e6ce5bb1c9ba299d7b05c1a310f0b445d20f9e0458f55496bbc14a1c5",
    "src/addons/XenAddons/Showcase/Service/Item/ContributorsManager.php": "714f05872853248c8db7b2a612c79142f933d411eb7b068b0b5777e3acc6d5d4",
    "src/addons/XenAddons/Showcase/Service/Item/ConvertToThread.php": "44fe96600f0b9e138f630ccb58a141ff600c36d506f3d836802c29d59d5ed9f6",
    "src/addons/XenAddons/Showcase/Service/Item/Create.php": "01d42f54d75c506946691999d3e5a71b211a2ec97991af9a99f57383891c1cfc",
    "src/addons/XenAddons/Showcase/Service/Item/Delete.php": "361c72fa410817663366a59f6f1dc242f881cf6d1b91d28b256474d5154dfd82",
    "src/addons/XenAddons/Showcase/Service/Item/Edit.php": "cfdd97d6bb218584665872cf6ad1fb8e5714ef7c72fd579228964485605ad680",
    "src/addons/XenAddons/Showcase/Service/Item/Feature.php": "d6bb9f57bc160ba70f45b7dcc4ce5c828d6cc98bebff923e650809a277a2d8f8",
    "src/addons/XenAddons/Showcase/Service/Item/Merger.php": "1800fa6aa1ec9a47b7cfe99e782b5ce03007e905c68b9b1e7b7cb7e0d00e9423",
    "src/addons/XenAddons/Showcase/Service/Item/Move.php": "12b5a20f2ff30fd9831d3e76b0f338095cd988c4ec3ab508d4807fe41662ea70",
    "src/addons/XenAddons/Showcase/Service/Item/Notify.php": "2983be5c95ee62972dc117dcd00156be33f6489831379c64a5114e7e64e535c4",
    "src/addons/XenAddons/Showcase/Service/Item/Preparer.php": "2bf3e1ee969239c71f135e89f2a58c7441cc5e601f6be669e6af03d6a7d58e87",
    "src/addons/XenAddons/Showcase/Service/Item/PublishDraft.php": "27535574a7980fd112a05ef8b1f564c2d0ad4b8afa81706d8a602ae95ba815a1",
    "src/addons/XenAddons/Showcase/Service/Item/Rate.php": "a5bba3d606acfaf3315ef08001f4bb00a80a3e31faba096dbd2e8247d7ed6b78",
    "src/addons/XenAddons/Showcase/Service/Item/Reassign.php": "cd0d23009a34360cab0d9d1a90cd30452b54912a20ff97a902a48c5246d17ab8",
    "src/addons/XenAddons/Showcase/Service/Item/ReplyBan.php": "99bb81a2a12e04b7dd6e2c7a1aa79b480c923053a8026a5a161d6e0c18f05740",
    "src/addons/XenAddons/Showcase/Service/ItemRatingReply/Approver.php": "e667d18b2212b65ba1e8b98061f98ed02f8db92a9f94469f2108d9e316f340f7",
    "src/addons/XenAddons/Showcase/Service/ItemRatingReply/Creator.php": "5e187dd0a9a58b5c95a3bce41ccb9de37f5626a80620feb369017eb9e0a014b1",
    "src/addons/XenAddons/Showcase/Service/ItemRatingReply/Deleter.php": "abd351fcea1a0c07752f2202485bb08a2ad21942ae132bee1ea24a956bf6b147",
    "src/addons/XenAddons/Showcase/Service/ItemRatingReply/Editor.php": "6dd0a4f282b0957fecb06974a960eaf4c45d41a28e0cd45b44ec1372781126c7",
    "src/addons/XenAddons/Showcase/Service/ItemRatingReply/Notifier.php": "40ed32069af65d6b173dc0ab598340b684a050d45623e30cf741b09858c893c3",
    "src/addons/XenAddons/Showcase/Service/ItemRatingReply/Preparer.php": "f6ec40f280919f916ec5637c1d6a8053739bdd939907dcbf2f5b75da5169ce15",
    "src/addons/XenAddons/Showcase/Service/ItemRatingReply/Reassign.php": "f06ec4fe9ce80402ac5ba8159e35d2ef9e8365f67a6fd00d71276c898b2d83bd",
    "src/addons/XenAddons/Showcase/Service/ItemUpdate/Approve.php": "62f0ba896a758ecdd1cac015ad34ea59dcdf82f479e3979b98ee54c7d853f543",
    "src/addons/XenAddons/Showcase/Service/ItemUpdate/Deleter.php": "b8118efd1a8d3ea9476144d71af80ed89375cd431ef8d9b367a103202031faee",
    "src/addons/XenAddons/Showcase/Service/ItemUpdate/Edit.php": "066b7f666c0365816b4754fd1c16ae9557aaa8640dc3965237b6980df7463eeb",
    "src/addons/XenAddons/Showcase/Service/ItemUpdate/Notifier.php": "499022da2362f204ca0c4a030d95ce04b3034bb3fb81f995905457dae6880a18",
    "src/addons/XenAddons/Showcase/Service/ItemUpdate/Preparer.php": "6e7ff3ffa05219e100b2455cdd02c30e0d61756416444b933c17f55b7c5721fc",
    "src/addons/XenAddons/Showcase/Service/ItemUpdateReply/Approver.php": "55fded5083ea8547795d8a8448349f6ca488d4613d31bf716ac804fa63b32661",
    "src/addons/XenAddons/Showcase/Service/ItemUpdateReply/Creator.php": "8cca3b3274683077240faa54fa162abe76b84f3f70c961a53fa4d4ea1b42076e",
    "src/addons/XenAddons/Showcase/Service/ItemUpdateReply/Deleter.php": "1dc290aa8b094cff716ee6828a32a2f78a0ad5cfb3c21d6114d271b5a9344159",
    "src/addons/XenAddons/Showcase/Service/ItemUpdateReply/Editor.php": "d413c727beab5c33f13a4f5ffc3111026ebb2c519e6d7ccde9d4d19f64385a6c",
    "src/addons/XenAddons/Showcase/Service/ItemUpdateReply/Notifier.php": "4d97f42fe3369479d0ebe7edfb61874e8ca24da08b4d7e258a8793aa626b1726",
    "src/addons/XenAddons/Showcase/Service/ItemUpdateReply/Preparer.php": "649b4bdd0ed84729260b61a57d2fef095c028e4e810e3b1ba393e5c5c38d6ce3",
    "src/addons/XenAddons/Showcase/Service/Page/Deleter.php": "0bf4459eb398ee5398d050fae73a2b2c677fdc3f11db233e62ae7fad800d5456",
    "src/addons/XenAddons/Showcase/Service/Page/Editor.php": "9aaac1f6402ec0c3e02ae027c7bb211d8d62b7d11bba8e9181e14d9368f0ba13",
    "src/addons/XenAddons/Showcase/Service/Page/Notifier.php": "f9b222fd7b6ae4f0df7489093266f5f816a763d551d2edc51f2bb6f51057dca2",
    "src/addons/XenAddons/Showcase/Service/Page/Preparer.php": "a79d5728034b97447d3fd2035dad79d9d782f2eb578fac651a192d801a07fc00",
    "src/addons/XenAddons/Showcase/Service/Page/Reassign.php": "44e70d52bc623c3cd49ea9d2f74ade1b621fd19f068a76a5ce66591eadbe9adb",
    "src/addons/XenAddons/Showcase/Service/Review/Deleter.php": "125fe42d7020bf1127d4b6850139ebe8f65e3c2466906116e594dd522e5ce384",
    "src/addons/XenAddons/Showcase/Service/Review/Edit.php": "95f6007909f7f361ac56151e3b71398f19ea9b0f20a4286c944a66ff45f23ae8",
    "src/addons/XenAddons/Showcase/Service/Review/Mover.php": "8f0eb7afe0dcd4f6e29e414561e769e1f2e172f6dd6629cc3593f60504fc23f1",
    "src/addons/XenAddons/Showcase/Service/Review/Notifier.php": "d362968a30d65a7d60fcdf9b036d653657606080312249de01225da882e76793",
    "src/addons/XenAddons/Showcase/Service/Review/Preparer.php": "3d39191d230983f4418dea28ebaf045a31559dae841ce6a0907bd5571af703b8",
    "src/addons/XenAddons/Showcase/Service/Review/Reassign.php": "c6a29c144439ec1fa1700beefccbd21065e0c85d9efb80c4b2fc87f08c5081b9",
    "src/addons/XenAddons/Showcase/Service/Series/AddSeriesPart.php": "6d8a96f023e1ea1ce46a1c086d70c3314ce152b08d7fdc616f7c3678d8c789a0",
    "src/addons/XenAddons/Showcase/Service/Series/Approve.php": "2b2ba3abec706ac32bf1b812fc5241c5be04b754c1489c1867aea0db1968a9ec",
    "src/addons/XenAddons/Showcase/Service/Series/Create.php": "7b2f70188f15441b7031e6eb9ccfdcae2dd6d069f85dfa30631b73bea4f902d0",
    "src/addons/XenAddons/Showcase/Service/Series/Deleter.php": "68f0cfbaffee362115f315acef1c301ce7f33e99a398b68bcc5dbebb53bcecd3",
    "src/addons/XenAddons/Showcase/Service/Series/Edit.php": "3a9705109f5491f423387fca6843185e43304c92ee715167e29ba3f29b9716bb",
    "src/addons/XenAddons/Showcase/Service/Series/Feature.php": "8a0c70b1c88920fe020cb45b0dc8c75d88790994f6b806fdd86b1092a2dd30b8",
    "src/addons/XenAddons/Showcase/Service/Series/Icon.php": "3948f6a74eda33fbfbafbe1002aeeeaa2936c1248a39005c2d0c8a2c0e4f15cb",
    "src/addons/XenAddons/Showcase/Service/Series/Preparer.php": "51b6c15884c41691183a26073950ac034231e24e5ce7c83ec61d18e42552ffb9",
    "src/addons/XenAddons/Showcase/Service/Series/Reassign.php": "1bb9c19e79ca131ec04e8cb9544a3fbd558471805b0c342a6846520871938aa0",
    "src/addons/XenAddons/Showcase/Service/SeriesPart/Deleter.php": "8712996fe23e2b006d210f7373e05e1d7ab10af9fb9799032647e4eb4a7fdce4",
    "src/addons/XenAddons/Showcase/Service/SeriesPart/Edit.php": "775a5ceef64f2afb7c77c1fe38df7adfec52fbb5b017af56807a2e0ac63effad",
    "src/addons/XenAddons/Showcase/Service/SeriesPart/Notifier.php": "65c263dc282e1e506716f3844e7cc08b7aa8a8fae1779c3465459f8f99571717",
    "src/addons/XenAddons/Showcase/Service/SeriesPart/Preparer.php": "ae29a8052926803e74208ab79def0d1936eda9655d4493fd2d5796894fc18757",
    "src/addons/XenAddons/Showcase/Setup.php": "6b3328ab209cad1d1be416d092ee2d627965ae1ad0cb8eee3f1ff87e46a0f8c1",
    "src/addons/XenAddons/Showcase/Sitemap/Category.php": "574a81005e81549967a5ed4c62e372673ee305fb3a7c64c0811284cb85ecc916",
    "src/addons/XenAddons/Showcase/Sitemap/Item.php": "42278184296e2a1b410a2f0ad65240f13f83d94cadb566e71f5095124a02688f",
    "src/addons/XenAddons/Showcase/Sitemap/Series.php": "ad4cca3dd71810888831dc4ab5aad6cf10626be02090825ce3d9430510734a7a",
    "src/addons/XenAddons/Showcase/Spam/Cleaner/Comment.php": "b9a25d5ab4b6bee6be1d91044aa9bea5d0ce5cf0db2fc5c25cc1268d859434ae",
    "src/addons/XenAddons/Showcase/Spam/Cleaner/Item.php": "0b79fd0030f155902b76cbcebcd5e046ac74321d83eff3317fe68b9b4b343315",
    "src/addons/XenAddons/Showcase/Spam/Cleaner/ItemUpdate.php": "a07c7166f1e480c7ec19e54089b3dfd2d57760b5f4a6a382dcab228083b44a3c",
    "src/addons/XenAddons/Showcase/Spam/Cleaner/Rating.php": "6d44703d2e9d4d4e4e08c0d91dd8297157a9cf90d2995d914c52553e5a27a212",
    "src/addons/XenAddons/Showcase/Stats/Item.php": "8e0c9a4810d9338f163bf847328fb88e109b091d77b5d919eccec9da164bd1ea",
    "src/addons/XenAddons/Showcase/Tag/Item.php": "c87ce2ed33afec11def74d6f436b87c8f36b47c131ab640416b4ec5746da798a",
    "src/addons/XenAddons/Showcase/Tag/SeriesItem.php": "2e4ce5472fca6733a0583dd2ba832d552a998fdd5a19ff8b14a8787bd3a64deb",
    "src/addons/XenAddons/Showcase/Template/TemplaterSetup.php": "d156ae42377967a746480c1b652278ffbd69cc2061feac91b1841eb1e9a9976d",
    "src/addons/XenAddons/Showcase/ThreadType/Item.php": "7269753a890adf43be062bf890734cfc7f15ce20935dddd57b35d334f81d06af",
    "src/addons/XenAddons/Showcase/Warning/Comment.php": "fcc13df7ec1c1d30945ed75993d522f65f9d381cc617d9a7230829438249b78b",
    "src/addons/XenAddons/Showcase/Warning/Item.php": "2b4289864a373e92e67423ebe854bd21f5c164c2b639eb0823b067d89ab7b5a4",
    "src/addons/XenAddons/Showcase/Warning/ItemUpdate.php": "085d6a31ad4bd74823944ceb2e07945e6a2b441a4cfacb51e22f9789e91747bb",
    "src/addons/XenAddons/Showcase/Warning/ItemUpdateReply.php": "d2fa90ad19e7d23dec5b1d464e6355ca9cc18dd0d0802f9ebec94bf7eabab7b2",
    "src/addons/XenAddons/Showcase/Warning/Page.php": "85acb50c129517f6e20b33f840a1a8867740fa5779a82d9ca324180bf9dc2bae",
    "src/addons/XenAddons/Showcase/Warning/Rating.php": "1bb06d53d8a641df45cbf2aef2b33cf6fea1118143b2c3bd92f9249870d96732",
    "src/addons/XenAddons/Showcase/Warning/RatingReply.php": "7948fbda0d0acb8eb3f088a900fece4e9c0216d43c97b39a9c07967bc22c5034",
    "src/addons/XenAddons/Showcase/Warning/Series.php": "d3df401552202c6d1a47bc265b5d8fc66d1564283638b7b47a88519c788c6ea7",
    "src/addons/XenAddons/Showcase/Widget/CategoryNav.php": "aa200dcc0a7bc814d52c86b21ee0b04640178431030e9d3448dc4e282302e913",
    "src/addons/XenAddons/Showcase/Widget/FeaturedItems.php": "768e991fbff2997d4bdf579d869c4039aea0c4c7ce147936b7aad1287b825cc2",
    "src/addons/XenAddons/Showcase/Widget/FeaturedSeries.php": "e4aa5076ea06a76c34f211fe5da623707a4e53dc8f961e0d52edcc4352ed5857",
    "src/addons/XenAddons/Showcase/Widget/ItemPagePoll.php": "4d3b502a8b3258c78c895486526bd8a9f52b182a649200f6c31db659f61bbf67",
    "src/addons/XenAddons/Showcase/Widget/ItemPoll.php": "cb5c4db15a493434bff7faf5b88382022a4c07abfb56fc786ad5eda2e6d7b3c8",
    "src/addons/XenAddons/Showcase/Widget/ItemsMap.php": "92eb57aba05dfb9c7c3b22719cac7ef4015bbbe49027f4929a36561d69ddda7b",
    "src/addons/XenAddons/Showcase/Widget/LatestComments.php": "846003a3f6a4dd4a0b9b118c571ac43c0e82bdf6f0895fa9fac6c3ac8ae11df0",
    "src/addons/XenAddons/Showcase/Widget/LatestItems.php": "7d5dc41ed057f53f5ea6f407619032b04aa5f84bca433ecb4dd895e1bdcd5112",
    "src/addons/XenAddons/Showcase/Widget/LatestReviews.php": "6637ee8525cd66d2c082afc3ff998d108ae06b0378e6390a75fa963fa73fca42",
    "src/addons/XenAddons/Showcase/Widget/LatestSeries.php": "bc8bfc170d6238662074643fe5d549b9b3dbc5e791c8ac6194203493e2fef5ed",
    "src/addons/XenAddons/Showcase/Widget/LatestUpdates.php": "6ea19f15b2e0a221c6659cbfd867b4e49a88d960298ef781ee1c0d0dccf0ba6e",
    "src/addons/XenAddons/Showcase/Widget/SeriesPoll.php": "ca9235d03c99354a278b7c98c0b3f902dda1172a78fecf94b3892fed9703d211",
    "src/addons/XenAddons/Showcase/Widget/ShowcaseStatistics.php": "901d27aa3ad7384f25b5a43d7aaf03360eab7461a031ddc68667ea177de18e1b",
    "src/addons/XenAddons/Showcase/xa.png": "2b5385b9c3c9d9e5af770b3b01d34eb0b33146a6516ae286448d5c0246dec337",
    "src/addons/XenAddons/Showcase/XF/BbCode/ProcessorAction/AnalyzeUsage.php": "94553cda690d3816c7fe7deacbcf77872d30d6363f6f161374c8dcb9eeeef7aa",
    "src/addons/XenAddons/Showcase/XF/Entity/Post.php": "007ac529bd04c28d533f58ac61cc523a7eca990292fcc2e1fe415a5ffc00def8",
    "src/addons/XenAddons/Showcase/XF/Entity/Thread.php": "b5ae65fcfb95783203c01cba6d43e9aae93b15dbd33b236611978ed8dc9a9f20",
    "src/addons/XenAddons/Showcase/XF/Entity/User.php": "b32878dd0171ce6f3d93726e9ac91e100688d3bcfcddfd0364bd5ec5e23f9f62",
    "src/addons/XenAddons/Showcase/XF/ForumType/Discussion.php": "848634f4fe3a4efa0ca8f8f2b34a3d3e8a9b4131d022b23496ddcbc01b06c013",
    "src/addons/XenAddons/Showcase/XF/Pub/Controller/GotoPage.php": "f2755cbe408237fca4d3c1960e3b4c1d0f13b976c4f0ad01c8dafdca70e20377",
    "src/addons/XenAddons/Showcase/XF/Pub/Controller/Post.php": "80d01799dbcb39a996a9baec2dfedf27400a05c44e808081b7db95f6a508ff7b",
    "src/addons/XenAddons/Showcase/XF/Pub/Controller/Thread.php": "0a888eaebc0daa1a0f5f0af5c3119f53e27ac225f901cf11049630ca99d568c3",
    "src/addons/XenAddons/Showcase/XF/Pub/Controller/Watched.php": "b6826027dc9a22443d912792cabd3da99fc2dd0b5b672855aec3d53eb9d6b480",
    "src/addons/XenAddons/Showcase/XF/Service/Message/Preparer.php": "1e46b2e7e89fa588a5c10112d147a08789f3fb3879b4e7be2368a8e6c1d2d596",
    "src/addons/XenAddons/Showcase/XF/Service/Post/ConvertToReview.php": "487657d0675c8b5d6e5530bccff151197e4cdcc2ee19d941cfee12d2493c20fb",
    "src/addons/XenAddons/Showcase/XF/Service/Post/ConvertToUpdate.php": "92ce0697744041db463675a8238a9baa59730cf624a9e5579efc73d7a362158f",
    "src/addons/XenAddons/Showcase/XF/Service/Thread/ConvertToItem.php": "70a2d242e9998bfb25d35e8033b75c4db562401ace0e83516e16341f00a1edaf",
    "src/addons/XenAddons/Showcase/_data/activity_summary_definitions.xml": "1af6f108ead8d55905e0d9fd28178738f3fab6c19b6f555936f1c7f9c61ef7c1",
    "src/addons/XenAddons/Showcase/_data/admin_navigation.xml": "bde4c743841db468dc046d40b6ab9ce742397dd21ed5a8e883d63e03c0d13a14",
    "src/addons/XenAddons/Showcase/_data/admin_permission.xml": "40897493e0fe3e1ec4c993451c5273f674f3525c69c2a43fe25799a473702d73",
    "src/addons/XenAddons/Showcase/_data/advertising_positions.xml": "8097ff2b55538f55780e6ed8c80e0c6de6ce7cc093c488f44d71f643e2238953",
    "src/addons/XenAddons/Showcase/_data/api_scopes.xml": "6793eaf758f140e8137187ba20e65f4faccf53410433ae3ad7a8b3b38cb6b3b7",
    "src/addons/XenAddons/Showcase/_data/bb_codes.xml": "7907ecfb5485b922697ea51c3e7bc3a3b9cff79231a2b5b56576dbbe981be7a1",
    "src/addons/XenAddons/Showcase/_data/bb_code_media_sites.xml": "29762987990187b33e43cfb68c08dc917b2d3f0176613d78f8e6c453f82da3f3",
    "src/addons/XenAddons/Showcase/_data/class_extensions.xml": "f8254eedda1c1b5443da8e860387c583e570d2cf394a6becd54ba34c8b71b19a",
    "src/addons/XenAddons/Showcase/_data/code_events.xml": "8370dec3df47f91df4cf79da253446ad11b29f4ea568fe76c774e97a0379f0eb",
    "src/addons/XenAddons/Showcase/_data/code_event_listeners.xml": "5e9f16b55566a41dbc881d01d2a4a12899746ee89f31d15892fb651e9501f23c",
    "src/addons/XenAddons/Showcase/_data/content_type_fields.xml": "e9cb9cea0325254b220d4e9c2ef3b16eca724ba3b6b629ff63a10d4b15033a2b",
    "src/addons/XenAddons/Showcase/_data/cron.xml": "d85903f7498cc5629c5c1ae9b63aa2ebca8674bf279e78e93fe5eea9068eff92",
    "src/addons/XenAddons/Showcase/_data/help_pages.xml": "a8a0c0b06cdc550438bc8a8d385af3e1e5ab3459877dfb934c1c31be59c89163",
    "src/addons/XenAddons/Showcase/_data/member_stats.xml": "d207fbb23c3d210cbe2db8d09c7d8711a1f9058f3fa08e868ea4d95f1ddd25dc",
    "src/addons/XenAddons/Showcase/_data/navigation.xml": "784bc25fefe8e5975a3834e4e7d1f921aa6c3854e85d4ea8c6732de3733e384d",
    "src/addons/XenAddons/Showcase/_data/options.xml": "e294be1bc89a6d258a758baf7ebe8bb0758e6ddf5e98d3f4562f73d8cbd242b2",
    "src/addons/XenAddons/Showcase/_data/option_groups.xml": "626addfea8f1f94096fb3f00dae1c434312cc158d11452139c0464102824f62c",
    "src/addons/XenAddons/Showcase/_data/permissions.xml": "7531c13d7d1d492cd22d018c3911d8a97be3fdbb360f7f66b5309c14dfc22e43",
    "src/addons/XenAddons/Showcase/_data/permission_interface_groups.xml": "ba2dce557f81bc68dc76d362677c10741d7837234b2f441b0ddafe7514452f50",
    "src/addons/XenAddons/Showcase/_data/phrases.xml": "b04f0cee3b80b138bc25f86048745b9a47d6a9376837a6d4e5ba7a5384f07edc",
    "src/addons/XenAddons/Showcase/_data/routes.xml": "2196f0629ad96ea71fd67e350dfeae9d65c6eaa2159c9d8f287f95843c5a359a",
    "src/addons/XenAddons/Showcase/_data/style_properties.xml": "d5dc25eac06515c63e430880c948d8c21b53265199aa25633bc74bf4ff6db3b0",
    "src/addons/XenAddons/Showcase/_data/style_property_groups.xml": "8baf26ab2ab146488c760451d4dda3a47c12ce38a998bf17b6bc23a609a81a4f",
    "src/addons/XenAddons/Showcase/_data/templates.xml": "28fe9fde4dd807f6daddcf516f75017cb704cb654238d9dd065a2a3989ba38a1",
    "src/addons/XenAddons/Showcase/_data/template_modifications.xml": "c466c3731912550f636b07dbba0014f7a49b8229d96fb802aa652711fee5697b",
    "src/addons/XenAddons/Showcase/_data/widget_definitions.xml": "c4922a965567e1d224fe24944a8a49b91f24c135ca83566c3ed4d38d59338a75",
    "src/addons/XenAddons/Showcase/_data/widget_positions.xml": "618fc8bf23393e48b7be7493aaf74472ef431fbe6c0405142b4fb966b1478229"
}