{
    "src/addons/FS/EncryptIp/addon.json": "61c99305cf6cf5f97176aafeba846504cc2aa09845d8a11c92064bc7cfc72f0d",
    "src/addons/FS/EncryptIp/Service/Encryption.php": "ade115da761dd22b208ae609fc3197b55d31e33ab5a25e96a3b96e6810346df0",
    "src/addons/FS/EncryptIp/Service/InstallSetup.php": "fa4627d07d869f12c8207095e85e60198c14ce025876affb241d0f587e497096",
    "src/addons/FS/EncryptIp/Setup.php": "b224155e3e2f62169a104e7ad1f957b687478a3ce49cb1c5c9f89607cfaf6791",
    "src/addons/FS/EncryptIp/XF/Admin/Controller/Banning.php": "f5922e069290570fd0d12055d4358fbef0cede371672cd162584f21f1ecba00b",
    "src/addons/FS/EncryptIp/XF/Admin/Controller/User.php": "7b9fc100290de6f3217e8a9c5170b2c8245fb66b8d5ca353fee2770f32038792",
    "src/addons/FS/EncryptIp/XF/Entity/Ip.php": "ffe1b31cc315e6b205f8f1255bc8a86b84cecfb1315b4c8339bc03ebe90a42b4",
    "src/addons/FS/EncryptIp/XF/Entity/IpMatch.php": "be198f4faf0788c0d77d05dc76944b12f4d6478faf6cc8cd31166fed95c85740",
    "src/addons/FS/EncryptIp/XF/Http/Request.php": "9040200a0749db39ec1914235284aa19bc994d3c6bc5189053536059c5de51b5",
    "src/addons/FS/EncryptIp/XF/Pub/Controller/Member.php": "e05bced042e4af068292e439d0bd4c86e448f0cb876bebdbef37bbadf70b57d7",
    "src/addons/FS/EncryptIp/XF/Pub/Controller/Misc.php": "df2d06ad300a0881e21343336a6fbc3293e1473b83254f3c4ca470120dff0a7f",
    "src/addons/FS/EncryptIp/XF/Repository/Banning.php": "77557d5be9d0ca01a987634ba2d18e6e267116a0d4b9fbcc7faaea5db6a8654b",
    "src/addons/FS/EncryptIp/XF/Repository/Ip.php": "eed45d859036879432dbe381744986bbe2c0ed8c930c8020b25e02b1c25c4eda",
    "src/addons/FS/EncryptIp/_data/activity_summary_definitions.xml": "99d8c2563a31320d66f958fc8bda78613545f5f7959bb3cf5318805e3a3c39d2",
    "src/addons/FS/EncryptIp/_data/admin_navigation.xml": "064ec797484ac00d5ee37367b50b06846d11f480d00550997712707f8fdac8c0",
    "src/addons/FS/EncryptIp/_data/admin_permission.xml": "ec6fb97cebf0bceb24f1ed1d5778c1db54eeb7535fbb3e31d824840e7aa9ff87",
    "src/addons/FS/EncryptIp/_data/advertising_positions.xml": "d2f7cbe844bb1df3cf878d22ff6306249245c8ff6b0b87b9b729744bec538261",
    "src/addons/FS/EncryptIp/_data/api_scopes.xml": "6793eaf758f140e8137187ba20e65f4faccf53410433ae3ad7a8b3b38cb6b3b7",
    "src/addons/FS/EncryptIp/_data/bb_codes.xml": "faa4ddd5f4a365e5ac39aebdcbe2d25aedf74e7eb9ea4a812766e2fd5e13bdb1",
    "src/addons/FS/EncryptIp/_data/bb_code_media_sites.xml": "29762987990187b33e43cfb68c08dc917b2d3f0176613d78f8e6c453f82da3f3",
    "src/addons/FS/EncryptIp/_data/class_extensions.xml": "3db0fa9503ddc455b98bd34aa17e7cce4c7da95df41b8efd09b8d8175065112c",
    "src/addons/FS/EncryptIp/_data/code_events.xml": "8370dec3df47f91df4cf79da253446ad11b29f4ea568fe76c774e97a0379f0eb",
    "src/addons/FS/EncryptIp/_data/code_event_listeners.xml": "d6b5072f4909dee7a20ee9e44b163f95c8aa52e6ac7f573e292000cd9238c331",
    "src/addons/FS/EncryptIp/_data/content_type_fields.xml": "c7ad5472b28f465b7ac7617627707eba1b7a39d28089460d52e1ed292fc0b06a",
    "src/addons/FS/EncryptIp/_data/cron.xml": "323c4284742ef24329cd6db6f288eb9736d2353f36852e1db12591e1583aea26",
    "src/addons/FS/EncryptIp/_data/help_pages.xml": "a8a0c0b06cdc550438bc8a8d385af3e1e5ab3459877dfb934c1c31be59c89163",
    "src/addons/FS/EncryptIp/_data/member_stats.xml": "89fb2b93ff1eca7a1f6f752248edf6090dfd24037db1446fd18ff7143f08124d",
    "src/addons/FS/EncryptIp/_data/navigation.xml": "f75e1c03a45a360bbdfcd0567121665082315068475d5b0feb8b1acbb1688651",
    "src/addons/FS/EncryptIp/_data/options.xml": "1cea29aa5671733d85c8fc6f7c66128eacbca5643cbb38585eb82002879b51a4",
    "src/addons/FS/EncryptIp/_data/option_groups.xml": "154d7a89664b243d0bd8227c22e241f934bf7e196c83230ee23d3c0c4fba1333",
    "src/addons/FS/EncryptIp/_data/permissions.xml": "7e4fc7d5826733d15ea2d8936b9bdd41afcaad810eb38e50da3c8d8eafda1550",
    "src/addons/FS/EncryptIp/_data/permission_interface_groups.xml": "3177224e96458b829aa7fb24866dda9e0455a4922aee3d669b53f59a1ffdf5d1",
    "src/addons/FS/EncryptIp/_data/phrases.xml": "ff61483fbaee661f147395ebaad79fbfb5d8bf820c1b1285efbcf8844191cc32",
    "src/addons/FS/EncryptIp/_data/routes.xml": "550fa64f9feedf137dd877b38c2684f94474619d2d83890dbb717a91b50da8f5",
    "src/addons/FS/EncryptIp/_data/style_properties.xml": "8b8690a8512f01f219dd2da76e3d0c5f62afc1f317b87794a7331c859c36a7a8",
    "src/addons/FS/EncryptIp/_data/style_property_groups.xml": "68e1879cb3846c42d978487aa8d5145ff3335fc39e58016878824d5cf3fd684c",
    "src/addons/FS/EncryptIp/_data/templates.xml": "ca4ab80c0f9749e513d0a2d0562f7ca7166c6fd3c61188cd2d221213765d29e1",
    "src/addons/FS/EncryptIp/_data/template_modifications.xml": "e04e5aa29ae6cb0455085692f0b5eb5d7b83c3612555b3d8bad6c3b64a0b046e",
    "src/addons/FS/EncryptIp/_data/widget_definitions.xml": "37e46965256430f24004c2e7f08ba08f9b0d1cbcc4d70e84b3f4e3ffb713e64b",
    "src/addons/FS/EncryptIp/_data/widget_positions.xml": "a29cee66134f6bc5d75ed9df1eef21096c24401915c5b5c774389c3d7bb2d5b3"
}