{
    "bithide_callback.php": "3a80e342a6a42b4a582ecb3c7145212bffa342871a7dba3d6a558f3c537e46e0",
    "src/addons/FS/Escrow/addon.json": "4c8de03d2d115dafa07cf5b51b160b77e636dd34b7af6e4297c0ab8e58fb2e9a",
    "src/addons/FS/Escrow/Admin/Controller/Escrow.php": "9bbc6e858bf3c2e23dd4ed626f629ebac1f074ccea921e459cd865ac77b707fa",
    "src/addons/FS/Escrow/Alert/EscrowListing.php": "51a0b56d2236935e1256d0bd028339b5f0a998a8cae20edc211dff698f5fe3c1",
    "src/addons/FS/Escrow/Alert/EscrowTransaction.php": "82a7209cceaab1193efdc8999126d3f5a54cb9a89cba6f92e3ed568875ea413d",
    "src/addons/FS/Escrow/ApprovalQueue/Withdraw.php": "2f4030ece2ff2dce49d8823127bb1cf93ef5f1624576c877af38be498e40cc02",
    "src/addons/FS/Escrow/Entity/BithideTransactionRecord.php": "4ccf539f0bb13d10f663e3b0a271245105cf56ad53f8e06a1fa31be447e959fb",
    "src/addons/FS/Escrow/Entity/DepositRequest.php": "ccbea1b51d3d8175a302823ad006b6d4eff9c240553c1ad3596a31e63c15b0a9",
    "src/addons/FS/Escrow/Entity/Escrow.php": "70dc5389f484fc6145ca6a09aa9df861d57e87fc240230175f9045496c344bcc",
    "src/addons/FS/Escrow/Entity/Transaction.php": "097d1a5f9fc4f5bf52f99e2e7246bed4e889e6cd194e07243cf72d11872caccb",
    "src/addons/FS/Escrow/Entity/TransactionRecord.php": "f58561743ded59d27d0a49c62b1bb8e8118c46b2af6e94095c5063e7d2c770d9",
    "src/addons/FS/Escrow/Entity/WithdrawRequest.php": "4275b88ea598b5c0b9a92d13f34a7ec086c2402f3c62794ddaec8768ac3232af",
    "src/addons/FS/Escrow/Install/Data/MySql.php": "a20c31bdeafeb8c6942ecaa9281b6c3e47572bb89f6f6ff2421c320f9fa5c992",
    "src/addons/FS/Escrow/Job/VerifyDeposit.php": "7d113cd3578db6848bdea0211837469872a544e376ac17b3972994edd85ed5dd",
    "src/addons/FS/Escrow/Job/WithDraw.php": "4eaed37be8acee03ae96211e26ae32742e7b7f165709e9c0718a0b7a3bfbcee8",
    "src/addons/FS/Escrow/Notifier/Listing/EscrowAlert.php": "133a04f4634fd2957fc7110b3e24f13470df3b091db9b77e9af8985e4f8cca05",
    "src/addons/FS/Escrow/Notifier/Transaction/TransactionAlert.php": "e86ba4d1f17937fdc351c0dc675350e4e77fbe9745604c31711f4f15e412c278",
    "src/addons/FS/Escrow/Pub/Controller/Escrow.php": "99d9adf5d4afaf947c20aa953bc050a4f2d3a4b757d08584d22ea17b0bdf2e86",
    "src/addons/FS/Escrow/qrcode/index.php": "e3b0c44298fc1c149afbf4c8996fb92427ae41e4649b934ca495991b7852b855",
    "src/addons/FS/Escrow/qrcode/phpqrcode/bindings/tcpdf/qrcode.php": "74a281421414fccbfe77a1228afae7324c0f057140000cbf95ccefe18b9e9c82",
    "src/addons/FS/Escrow/qrcode/phpqrcode/cache/frame_1.dat": "f4075eba05b97d052adf467f32d28184a043e90a6ca54a5602368127ee697c81",
    "src/addons/FS/Escrow/qrcode/phpqrcode/cache/frame_1.png": "445e86cdcfdefd64987b946f5f806cc663489b21f18754a1430993b129316493",
    "src/addons/FS/Escrow/qrcode/phpqrcode/cache/frame_2.dat": "4ac2c2785e323bc40bb577b689c15a4971bc580b14bc192380f14469c878f981",
    "src/addons/FS/Escrow/qrcode/phpqrcode/cache/frame_2.png": "a88dd8e30a007a8edb10d22b940161a57607a5ff39c040d62aa4c471a8ebe9b2",
    "src/addons/FS/Escrow/qrcode/phpqrcode/cache/frame_3.dat": "b8242ffb18ffa14365aaf6ac5b0f29417f3751572efc0dbc1fa7affdd99be35c",
    "src/addons/FS/Escrow/qrcode/phpqrcode/cache/frame_3.png": "1ddab4dca9d73dfc7d37b95efd6e18e50d29de086d92e50ff6324967e9337142",
    "src/addons/FS/Escrow/qrcode/phpqrcode/cache/frame_4.dat": "0cd40c6451c6fcef23ca973200748a54946c5d5333ea060e95c7d90ec375465f",
    "src/addons/FS/Escrow/qrcode/phpqrcode/cache/frame_4.png": "dc50865941fc157b39dfcae66a020e89faff557a096aeaecc84d0a86b7e1b3a6",
    "src/addons/FS/Escrow/qrcode/phpqrcode/cache/frame_5.dat": "017d7ada96ae5071c624b89a9e72133e3c2aad1a570906e83054102a59fb228a",
    "src/addons/FS/Escrow/qrcode/phpqrcode/cache/frame_5.png": "23b6105e7b791943bd94ac1d081b16f4b927e2e1ba8be9805fd2b103129aaaa9",
    "src/addons/FS/Escrow/qrcode/phpqrcode/cache/frame_6.dat": "690ab8b41a6c0028d4334b3353836d586c21e160668d28ecec44be9f4bddf38e",
    "src/addons/FS/Escrow/qrcode/phpqrcode/cache/frame_6.png": "a1e396d96b36ee6b42c3acb2e1ba144dfa02a6556029dd1bb6be85263420e893",
    "src/addons/FS/Escrow/qrcode/phpqrcode/cache/frame_7.dat": "3e28951e3ab071cff65cc24be0099f5eb1c79f80519d70e04dc51961f30250e8",
    "src/addons/FS/Escrow/qrcode/phpqrcode/cache/frame_7.png": "2ac2bc9db06cf69efabcdf14cdd12a4931b717a456c5c4256185f125cad5edaa",
    "src/addons/FS/Escrow/qrcode/phpqrcode/cache/frame_8.dat": "00688b8a74dccd4dfa84f47388ec3387691dc030969ccabb43d7b7c2b7ef93ee",
    "src/addons/FS/Escrow/qrcode/phpqrcode/cache/frame_8.png": "ecbdd3ce3aee2837d22767ef126099bceb203f24da64fda0082c629d04010a23",
    "src/addons/FS/Escrow/qrcode/phpqrcode/cache/frame_9.dat": "703e7478eabf5eca2ca65f0434b385c3802b2a50269674a3dc61d282aa9703e2",
    "src/addons/FS/Escrow/qrcode/phpqrcode/cache/frame_9.png": "8d4b2d63b2127a2f4b441e22a05ea41741a5093ef6c38e39be68efc27ef20aef",
    "src/addons/FS/Escrow/qrcode/phpqrcode/cache/frame_10.dat": "88d66fd8ff84c3c04e8c4455036033af7a4b2714eac32057dbd6f48fac89eb23",
    "src/addons/FS/Escrow/qrcode/phpqrcode/cache/frame_10.png": "997c15d512f3be7641381baacf5a4e5014bb545041dcb69e0664bf41f60b4438",
    "src/addons/FS/Escrow/qrcode/phpqrcode/cache/frame_11.dat": "7643787daae76f7956a9f89f1385f529ce6468fb936da822cef027cfa19406c9",
    "src/addons/FS/Escrow/qrcode/phpqrcode/cache/frame_11.png": "c731c8ef00ff2e7957770a5c768b64ece0b9377cd69b7dc014bf72116cf35a1e",
    "src/addons/FS/Escrow/qrcode/phpqrcode/cache/frame_12.dat": "0df6d59e13aa6c14ef9d3002e3bbdce323ba83f6b361186f2e289273ef88a122",
    "src/addons/FS/Escrow/qrcode/phpqrcode/cache/frame_12.png": "6ba619bcff2e020d9543e1c8bc6db100076b6f3f9fff63c53f14e9845f8ee2bb",
    "src/addons/FS/Escrow/qrcode/phpqrcode/cache/frame_13.dat": "a47ef1e94dd7c5a217bb3bb8943855a163b656eff6c386dcda391924bd346c2d",
    "src/addons/FS/Escrow/qrcode/phpqrcode/cache/frame_13.png": "71ee3c3f25b7b0394ac6c33696f0883add813244c27c74390efc19ab04b04801",
    "src/addons/FS/Escrow/qrcode/phpqrcode/cache/frame_14.dat": "e04d6fd0bc336a3f5b5ac3e5c896005271b33c8a3c2aa1e815e985a9a5ba8fc7",
    "src/addons/FS/Escrow/qrcode/phpqrcode/cache/frame_14.png": "b2810e0602f57742a2275fe20cf41418908f9deb1eb27e5e876c6a0b0a4b6248",
    "src/addons/FS/Escrow/qrcode/phpqrcode/cache/frame_15.dat": "16086832b0f8c2e41bf12000b68717cb5b5620b8c95f19b7b54ba01a8aa5c4a3",
    "src/addons/FS/Escrow/qrcode/phpqrcode/cache/frame_15.png": "16d321f334524edf81dab9d915a8260a675232609585882d35b6cced00e24f60",
    "src/addons/FS/Escrow/qrcode/phpqrcode/cache/frame_16.dat": "8e9f135e5772b7253dab7402a0a06a04e0dc60deae6c8109cd52ce3f793c1c15",
    "src/addons/FS/Escrow/qrcode/phpqrcode/cache/frame_16.png": "335ecf867aa41e357093f9c750f4c10843af474883170bb5dd57e94adb188b62",
    "src/addons/FS/Escrow/qrcode/phpqrcode/cache/frame_17.dat": "d54289747ebd4a94bf6e99c03c889cd6a3c35de94aadee0f8f33c58447dc08dd",
    "src/addons/FS/Escrow/qrcode/phpqrcode/cache/frame_17.png": "49406af3ba88e41ac5a75a623491e798b9c607d3fa1226b6066c540d6de11844",
    "src/addons/FS/Escrow/qrcode/phpqrcode/cache/frame_18.dat": "9b27d866df4f1f2eae35fec31c0e38d80611edc0cd7e19dce07902d5b79a05c3",
    "src/addons/FS/Escrow/qrcode/phpqrcode/cache/frame_18.png": "eeb1d6c82a4d8d793987ac7de77acf449badf956ab7795cc8f724f15a1d3410f",
    "src/addons/FS/Escrow/qrcode/phpqrcode/cache/frame_19.dat": "d3335c3308541d52a94b4ebb266a79292d13137d2b56c7e139019b9d5498ce94",
    "src/addons/FS/Escrow/qrcode/phpqrcode/cache/frame_19.png": "cea872a5c0233491ce3aeb063ee77fde2a8dc0efe9386c2294c220ded8da22bc",
    "src/addons/FS/Escrow/qrcode/phpqrcode/cache/frame_20.dat": "b55fdc2513bbdd05cda9a957675c2faa0a4dc07f002f7fcbb31bf28108cc3ac3",
    "src/addons/FS/Escrow/qrcode/phpqrcode/cache/frame_20.png": "e7acd528e5f9dd11b20c7c0e4be7f5eff48aa909a403f5eb4976ce5e603f2ca7",
    "src/addons/FS/Escrow/qrcode/phpqrcode/cache/frame_21.dat": "72c06f006b1fbd619f67c06bcc22e6dd07614123ee38cb68f66970d9dc4663a9",
    "src/addons/FS/Escrow/qrcode/phpqrcode/cache/frame_21.png": "069c5cc58079f03cdc15fb3349bd4360eff960b839a9ba623f7b42bde218d7d1",
    "src/addons/FS/Escrow/qrcode/phpqrcode/cache/frame_22.dat": "6d26b45476ac4c4078ee8baeed3f179b893f744a0a7f19df69ce2506f45627b4",
    "src/addons/FS/Escrow/qrcode/phpqrcode/cache/frame_22.png": "50f62c71a47655ff753e580c8787f3061a3b7c53ef4e62173b01da141549599a",
    "src/addons/FS/Escrow/qrcode/phpqrcode/cache/frame_23.dat": "6e5e5a898a1a737b0ef6ab3d2b58113a4c2c5c9e4d21d8fd24fd09cec63447df",
    "src/addons/FS/Escrow/qrcode/phpqrcode/cache/frame_23.png": "182d677d29818b54809c69d6d3002556bb1682cea03342f7723c2f3a71f17d7e",
    "src/addons/FS/Escrow/qrcode/phpqrcode/cache/frame_24.dat": "9f54be487b3d2ef6db164e5ea6423f00e48db8e0920322f3db4cd61524c62188",
    "src/addons/FS/Escrow/qrcode/phpqrcode/cache/frame_24.png": "5f1e969b5a7225194433fd60ec34c9e4f3f82c9b710d81da7501b418744ddddb",
    "src/addons/FS/Escrow/qrcode/phpqrcode/cache/frame_25.dat": "0e41f5b01635df96408d62d973e36ca4b7ac6e641faa2886e36b9704fb1e939c",
    "src/addons/FS/Escrow/qrcode/phpqrcode/cache/frame_25.png": "0f5f400f44dec18c27ea49a30d59cda1d8d9f617b020aeb4c4ff424efd3c2913",
    "src/addons/FS/Escrow/qrcode/phpqrcode/cache/frame_26.dat": "aa06110f1d7d00bd48b30a79d08c98469dc9be75c022e9cc92be81f7425b604a",
    "src/addons/FS/Escrow/qrcode/phpqrcode/cache/frame_26.png": "3af32afe9298998afc40a56f9e49ee2a114f1e1598c38eb0f1ea56d6ecc7f0f2",
    "src/addons/FS/Escrow/qrcode/phpqrcode/cache/frame_27.dat": "056566d1ba0c8a1ffbb6465ac75b27dd8ed4f0583bd05863c90b7244b0b75592",
    "src/addons/FS/Escrow/qrcode/phpqrcode/cache/frame_27.png": "b60fa606d0e977c7c4643a1ddd79f72ece0dd533fad3db3fcb4d6a0118abbca9",
    "src/addons/FS/Escrow/qrcode/phpqrcode/cache/frame_28.dat": "f56cb72ed24bc61f313c3554696bd155871e35bbbd31bccb1d380793877a5d04",
    "src/addons/FS/Escrow/qrcode/phpqrcode/cache/frame_28.png": "edc8fc00f606d1ff8ad75ecb690772951b40e2aab809365f7f25fd7e79ee1ec1",
    "src/addons/FS/Escrow/qrcode/phpqrcode/cache/frame_29.dat": "ae5387b47bcc0f088afbdd6109ed934bb3098abbd805247457be4e2f4cc07217",
    "src/addons/FS/Escrow/qrcode/phpqrcode/cache/frame_29.png": "60ed7d2f922eea382ebde308612a2a510e7cd9f73fc19d01ad9c119e476f57d1",
    "src/addons/FS/Escrow/qrcode/phpqrcode/cache/frame_30.dat": "fd422d238efb2826be343b1f86753be6ba06735fb4eb423d330f8c1275106eaa",
    "src/addons/FS/Escrow/qrcode/phpqrcode/cache/frame_30.png": "fc45f384166e7d1bf936aeecb583bc7cf59d466a7c6b365253330fe0cb0354b7",
    "src/addons/FS/Escrow/qrcode/phpqrcode/cache/frame_31.dat": "2598d64cc935928f979093e8f7e1f191e75a6c12a149fedf61a59f0b1c3fd35d",
    "src/addons/FS/Escrow/qrcode/phpqrcode/cache/frame_31.png": "c21299d269f3d4edcbd5387d3ccc1026b482712eee5a157449d1157a556fa3c7",
    "src/addons/FS/Escrow/qrcode/phpqrcode/cache/frame_32.dat": "175a6266e9114bed3cdcf40e1853b63866059f22c4c42c5ca57801af03394475",
    "src/addons/FS/Escrow/qrcode/phpqrcode/cache/frame_32.png": "4a915693cab9eb6abd075fb2463827de74f6c9f62b56fb979b2344049befdf83",
    "src/addons/FS/Escrow/qrcode/phpqrcode/cache/frame_33.dat": "22d31e0f08bd8999d7cfca050f657a1c6c9aecebef43aeb2c4e395c9d1873bee",
    "src/addons/FS/Escrow/qrcode/phpqrcode/cache/frame_33.png": "03091cb89015d1846fc6c9d064530c66de4911248460fa726ae3c47e811ec9ad",
    "src/addons/FS/Escrow/qrcode/phpqrcode/cache/frame_34.dat": "37874412422c9a3227529cc778203b33346b981fee500369a6d97c6b8943e664",
    "src/addons/FS/Escrow/qrcode/phpqrcode/cache/frame_34.png": "21b63aad4ada96812894c443b90fe7b3d2720e6876f8d51cb1607a8c34d6f7d0",
    "src/addons/FS/Escrow/qrcode/phpqrcode/cache/frame_35.dat": "025af820fdf60986cb337b45631a32118530ad7225187245ce96db2effff74b8",
    "src/addons/FS/Escrow/qrcode/phpqrcode/cache/frame_35.png": "3dd847d8270b689dd62138e2a6a19982850be16b79a82f40947c8196a3212647",
    "src/addons/FS/Escrow/qrcode/phpqrcode/cache/frame_36.dat": "6861253753fcf22beb236d24105e73be2254b82f81dae8a122e0b377ad1922f6",
    "src/addons/FS/Escrow/qrcode/phpqrcode/cache/frame_36.png": "ab204121787107d2082b66a53a2c9b279afbd61418cb06013912cb6e18447ccb",
    "src/addons/FS/Escrow/qrcode/phpqrcode/cache/frame_37.dat": "01769db731d514736cd373f2c6cc243e10f3d12b592c5c216638d13eb410393e",
    "src/addons/FS/Escrow/qrcode/phpqrcode/cache/frame_37.png": "cc62e4cb522dce865e29e1a4cd883022a81b608b5da2631443928b5692abd142",
    "src/addons/FS/Escrow/qrcode/phpqrcode/cache/frame_38.dat": "caef760557fc08f260dd73c8623cb2512d82b4a196ba6528366b1ae49a0f208b",
    "src/addons/FS/Escrow/qrcode/phpqrcode/cache/frame_38.png": "f2d8c5a5240d6e232eeef7b0f3bc6e38ca517d62f3795d511af5b2d5f46a5dff",
    "src/addons/FS/Escrow/qrcode/phpqrcode/cache/frame_39.dat": "4d19dabc98a1d9614839a83fe9262b806be237ec0c07764d4fea9aa18a767512",
    "src/addons/FS/Escrow/qrcode/phpqrcode/cache/frame_39.png": "f4e64011579748e96f05cf1d20e227deffc13aa93744845915c1b88919d47a45",
    "src/addons/FS/Escrow/qrcode/phpqrcode/cache/frame_40.dat": "5f29d0d501bb5e5b3b9845c9e9a657242fcce734e64740939c2542ab326e7e99",
    "src/addons/FS/Escrow/qrcode/phpqrcode/cache/frame_40.png": "370b5c3e9b4edcc20441bf8e79d4db07ff024712c69196d94990d15141d030f3",
    "src/addons/FS/Escrow/qrcode/phpqrcode/cache/mask_0/mask_21_0.dat": "76d38d01e6a2ee50c19f3763dce0d34877e0d040a2d1a185655bb6a4c07d620c",
    "src/addons/FS/Escrow/qrcode/phpqrcode/cache/mask_0/mask_25_0.dat": "7ff2e2f4a1cc94b145bc675b66bd0bc270e9a4513205c06704c0849546f0ea6f",
    "src/addons/FS/Escrow/qrcode/phpqrcode/cache/mask_0/mask_29_0.dat": "91f62b38f4b58726689374bd09afdff23d254a3aca69fb3b50fd298804e59cf1",
    "src/addons/FS/Escrow/qrcode/phpqrcode/cache/mask_0/mask_33_0.dat": "07d364521268a5832eb283a32bc82568e72d5c1afe774d574ca9cc3828e0ae85",
    "src/addons/FS/Escrow/qrcode/phpqrcode/cache/mask_0/mask_37_0.dat": "254193e416aff3daae231fddc79327277d2d1062450a766f4bd9f92b4122064b",
    "src/addons/FS/Escrow/qrcode/phpqrcode/cache/mask_0/mask_41_0.dat": "20c8dd719a41a570d341063c4da2a448fe75ba1fabbde82befb1eb7c746356c5",
    "src/addons/FS/Escrow/qrcode/phpqrcode/cache/mask_0/mask_45_0.dat": "49f17d79e9c44a6a423642dbb7d86c134c4eea20a49e8babe480ed7ae417fb7a",
    "src/addons/FS/Escrow/qrcode/phpqrcode/cache/mask_0/mask_49_0.dat": "2cb412327cdeeb4965122864069e4bf70c5d9dc3d0eb24b905b672bdccc80c36",
    "src/addons/FS/Escrow/qrcode/phpqrcode/cache/mask_0/mask_53_0.dat": "3363862623a5e134b66f58ae7ef5ffe0596db4796c220af08292b7e3f5ef4935",
    "src/addons/FS/Escrow/qrcode/phpqrcode/cache/mask_0/mask_57_0.dat": "929c209ac8c874523dac81c915048932e4f7d1eadf471863ab73217df67272f1",
    "src/addons/FS/Escrow/qrcode/phpqrcode/cache/mask_0/mask_61_0.dat": "1a51922821829a405a5a07969ebb38e9758793dd019a3d4beec72d4429a5443d",
    "src/addons/FS/Escrow/qrcode/phpqrcode/cache/mask_0/mask_65_0.dat": "ccb0db69fdcfa50f0f17e74d71cdfe10c0018774f341757f440b5e081ea9b771",
    "src/addons/FS/Escrow/qrcode/phpqrcode/cache/mask_0/mask_69_0.dat": "bd9bac2535a318676485cacce821ec820a2ee852d69f16d8220e3674819d4b50",
    "src/addons/FS/Escrow/qrcode/phpqrcode/cache/mask_0/mask_73_0.dat": "bd05051c20ed240312f516c3294bf9f15a3f406e65110976fe7fc6bb3c8343ed",
    "src/addons/FS/Escrow/qrcode/phpqrcode/cache/mask_0/mask_77_0.dat": "77b39165eb49b39bf4ef15f46618d0281de4ddc1b0e086c25380feb46bb70b1b",
    "src/addons/FS/Escrow/qrcode/phpqrcode/cache/mask_0/mask_81_0.dat": "ae3501b132737c073b97ac1c212b18d6d96c0dcb85711796c647149f123d10f2",
    "src/addons/FS/Escrow/qrcode/phpqrcode/cache/mask_0/mask_85_0.dat": "6b95c56804f3958af8ca2e0dd309eae4acf52cfef21d4c1535b6665a7455fa25",
    "src/addons/FS/Escrow/qrcode/phpqrcode/cache/mask_0/mask_89_0.dat": "72fa2c49d1ef28f35d6cc821b1582b9d4446dc0924450ee15d59859dfd951d25",
    "src/addons/FS/Escrow/qrcode/phpqrcode/cache/mask_0/mask_93_0.dat": "7dd118fda4443ff2b5e8c1280ec1d82f118e4571820644a697cedbeb3db95f3c",
    "src/addons/FS/Escrow/qrcode/phpqrcode/cache/mask_0/mask_97_0.dat": "a54d1dce3b0473bf4e4ed5dc130defcea6053dd61a26b9412bf5039ab682d65d",
    "src/addons/FS/Escrow/qrcode/phpqrcode/cache/mask_0/mask_101_0.dat": "16c7f2da7b69085ecaf20041fc3f779218ade7f5e6a3f70f55c2832a671bfc25",
    "src/addons/FS/Escrow/qrcode/phpqrcode/cache/mask_0/mask_105_0.dat": "120beb09514025707b7fb52d12fffc9889bec5e432fce6068b89c160b90a437d",
    "src/addons/FS/Escrow/qrcode/phpqrcode/cache/mask_0/mask_109_0.dat": "42bc7b68b6c6b17b6f58db87bce8d625dd44480c7a6a9598be6786b0db3f8fea",
    "src/addons/FS/Escrow/qrcode/phpqrcode/cache/mask_0/mask_113_0.dat": "3b301d4b572e89abe91391ef1983e3f62be361f18e314cf47ddcc9ef6bef75b8",
    "src/addons/FS/Escrow/qrcode/phpqrcode/cache/mask_0/mask_117_0.dat": "432b37b14ab3c3b55e042412afb0915b249bfd3fc3c0dc4c39252491d89535b0",
    "src/addons/FS/Escrow/qrcode/phpqrcode/cache/mask_0/mask_121_0.dat": "e03195d584aac843c26abf5cca7a4ef38d5474fce24343efc7128dd2c21d5bb7",
    "src/addons/FS/Escrow/qrcode/phpqrcode/cache/mask_0/mask_125_0.dat": "cfed030996c82a8abb104c07397d6e1b7879d900e8977ed73ba247b7b89ff0bd",
    "src/addons/FS/Escrow/qrcode/phpqrcode/cache/mask_0/mask_129_0.dat": "d175c17d9c22ba5564e192be363aa03fa530917f2a101a074bdd8be78c5682d2",
    "src/addons/FS/Escrow/qrcode/phpqrcode/cache/mask_0/mask_133_0.dat": "95804f0b921ede3396a42cbd4966a9215d1eff6443d702044e4e47d0b8a307bd",
    "src/addons/FS/Escrow/qrcode/phpqrcode/cache/mask_0/mask_137_0.dat": "ab3ed24b8d1fe24cb1895e6a161c0b2d4b430e966ad0191f03d174b25a541df3",
    "src/addons/FS/Escrow/qrcode/phpqrcode/cache/mask_0/mask_141_0.dat": "7017dd54b60357cb3ad40160b5fe36ddd6ee16a2175b68b1015e3b610bb9ef36",
    "src/addons/FS/Escrow/qrcode/phpqrcode/cache/mask_0/mask_145_0.dat": "aa5cefa1ae65184b3104f97285fb61dfce840816bef73f1111b349cd622c52d4",
    "src/addons/FS/Escrow/qrcode/phpqrcode/cache/mask_0/mask_149_0.dat": "1e47b4665593a782a55577f018aad7cfbc5cac19e277547890d10ce4f3a39afa",
    "src/addons/FS/Escrow/qrcode/phpqrcode/cache/mask_0/mask_153_0.dat": "babe8689fab05fe37c7b5f152fe6fd78b7e811bb6dd65db576cc04ab8cac773a",
    "src/addons/FS/Escrow/qrcode/phpqrcode/cache/mask_0/mask_157_0.dat": "c756bc5bf620139de3ab22d773514617bc1008a4a1c0d6ae6374ecd23de0e14f",
    "src/addons/FS/Escrow/qrcode/phpqrcode/cache/mask_0/mask_161_0.dat": "a671f2f83dab2241c362c0d729379906b2f2a8ec893ecdacf8d986b90451bb7c",
    "src/addons/FS/Escrow/qrcode/phpqrcode/cache/mask_0/mask_165_0.dat": "b42c05bd383306fdfcc661c78118ea1855d28ff08def3a6ebbac3261fdd2f4f6",
    "src/addons/FS/Escrow/qrcode/phpqrcode/cache/mask_0/mask_169_0.dat": "e007c9c5cf14f8c4c3dd86c1cff87cb5c48324511e2367f7b8f521b76d7e8e0c",
    "src/addons/FS/Escrow/qrcode/phpqrcode/cache/mask_0/mask_173_0.dat": "e6b18d8a9d04814df21c8b2e62bc8d0b84c014f1b81ecf7e89b807a83bdda346",
    "src/addons/FS/Escrow/qrcode/phpqrcode/cache/mask_0/mask_177_0.dat": "bf3026d8cb1e9122f5f4552a7ee4afbd252c8872c80e734bde40f6b9f496d570",
    "src/addons/FS/Escrow/qrcode/phpqrcode/cache/mask_1/mask_21_1.dat": "02eb30057be02b5869e73f60bc6ff7977394dbe46216090bf5cb2018c0bca3e4",
    "src/addons/FS/Escrow/qrcode/phpqrcode/cache/mask_1/mask_25_1.dat": "9d36de013b5348aa4738d4cd5217b9207fb16baf8d07e3a14bb258428af09589",
    "src/addons/FS/Escrow/qrcode/phpqrcode/cache/mask_1/mask_29_1.dat": "3495aa94ec22eb4dada7d816ed49719ee5317cc4b1461955d7bb6c37018abf0e",
    "src/addons/FS/Escrow/qrcode/phpqrcode/cache/mask_1/mask_33_1.dat": "c244b049eefcec77345acea027c5de198af774fdb1f673ce7bbd771d617d4485",
    "src/addons/FS/Escrow/qrcode/phpqrcode/cache/mask_1/mask_37_1.dat": "dfc610ee5631c7079a64f614c6f8db63d80b631b9c235e00c06a90f045777258",
    "src/addons/FS/Escrow/qrcode/phpqrcode/cache/mask_1/mask_41_1.dat": "9c72107be4723be46aa8edb8ae7149e6d15b3a2361105de90f72a8b633a0a84d",
    "src/addons/FS/Escrow/qrcode/phpqrcode/cache/mask_1/mask_45_1.dat": "d42ec36ece664b25fc10794e9c334bddc85ed8e552791dca822b4c63dd8f33f1",
    "src/addons/FS/Escrow/qrcode/phpqrcode/cache/mask_1/mask_49_1.dat": "facb44ebba72fc5de30836cb2d80f07dc694d52bb26a3d0dff043c16de9a867d",
    "src/addons/FS/Escrow/qrcode/phpqrcode/cache/mask_1/mask_53_1.dat": "b5da4d36e49cf6d2bf16701d4437e3853cfbe21a6351055ffbdd8740204426cd",
    "src/addons/FS/Escrow/qrcode/phpqrcode/cache/mask_1/mask_57_1.dat": "37d65065e261ede4b0a5fdd02801e6dfbdfc8ed800edb3d5f7a1f44eeff0d752",
    "src/addons/FS/Escrow/qrcode/phpqrcode/cache/mask_1/mask_61_1.dat": "757c6bf419e423d7ad37ca253b8119a5b627e35050b2f05314342d6f43b76ad0",
    "src/addons/FS/Escrow/qrcode/phpqrcode/cache/mask_1/mask_65_1.dat": "383fea8db00c007c991d7eb743535f740b5e32ab8912b2f9bf4f2cd184e48eb8",
    "src/addons/FS/Escrow/qrcode/phpqrcode/cache/mask_1/mask_69_1.dat": "24491cd93631f9fd2a01d52055920261c41e70217d37b26879700686c42336e1",
    "src/addons/FS/Escrow/qrcode/phpqrcode/cache/mask_1/mask_73_1.dat": "fc6417a4aaf841944a36e4baa1575bc265fe035b0d98eb3250d98453b1155eca",
    "src/addons/FS/Escrow/qrcode/phpqrcode/cache/mask_1/mask_77_1.dat": "86d4f669b36d90258ae41a148320bf5ee013bcb2f5638d62660dea11f7722be1",
    "src/addons/FS/Escrow/qrcode/phpqrcode/cache/mask_1/mask_81_1.dat": "6509361a3d5d43b1527ae409a3144c1c8f6c646a22c57860bd4b6cb2d1271096",
    "src/addons/FS/Escrow/qrcode/phpqrcode/cache/mask_1/mask_85_1.dat": "3797047572a98748cebff5746f5b223b7abf9d4aa9ba65b28b584b933454b108",
    "src/addons/FS/Escrow/qrcode/phpqrcode/cache/mask_1/mask_89_1.dat": "7e8583709697054f99c0cd38fae2a44f25b66656888ff67ed6ba74dab7757d63",
    "src/addons/FS/Escrow/qrcode/phpqrcode/cache/mask_1/mask_93_1.dat": "7566d1f2dcce009e59e1df7c82455e6685bbd1449dcb3a5dcb8c73a89fc7ba65",
    "src/addons/FS/Escrow/qrcode/phpqrcode/cache/mask_1/mask_97_1.dat": "d9f562d52ac4f941868f5eeca7ee83b314207ec3fc05481b52753477951739f6",
    "src/addons/FS/Escrow/qrcode/phpqrcode/cache/mask_1/mask_101_1.dat": "c0a04d9ad876945b03ae487d9775a04855ff0b29285d06ba84080979979d8751",
    "src/addons/FS/Escrow/qrcode/phpqrcode/cache/mask_1/mask_105_1.dat": "bba45d03d7a7bd5599ff04a6212b517d3cc231476b5fe3af862b1378f56d4c1f",
    "src/addons/FS/Escrow/qrcode/phpqrcode/cache/mask_1/mask_109_1.dat": "abc51aaa7c1729352d8015fb5e7f79bae3bbcea7b704c3e285c29ac9e3cfb221",
    "src/addons/FS/Escrow/qrcode/phpqrcode/cache/mask_1/mask_113_1.dat": "78dd201caa1707fac135212c78cff5791f0f721c7cc0d2bc888557bc124d1561",
    "src/addons/FS/Escrow/qrcode/phpqrcode/cache/mask_1/mask_117_1.dat": "e532c62bbb81b6a40ace4fcfb90d83952b4cb9b171ebc9869355663342a30c1e",
    "src/addons/FS/Escrow/qrcode/phpqrcode/cache/mask_1/mask_121_1.dat": "6effc24ba853f9a7dce422d81d128f69a6c8dd1a0320c62419e01ca21a552633",
    "src/addons/FS/Escrow/qrcode/phpqrcode/cache/mask_1/mask_125_1.dat": "10289440d8aed0c102419d3c2b1159edf6be081165c3fb90be87ff892380d38a",
    "src/addons/FS/Escrow/qrcode/phpqrcode/cache/mask_1/mask_129_1.dat": "1c3f8d3a412907566ec6c53d15a39c7abc63c9cb4250f910365cd040943769a8",
    "src/addons/FS/Escrow/qrcode/phpqrcode/cache/mask_1/mask_133_1.dat": "f95f3bb82fae0c47eb95a8773ff062dca06ac836fa0722100f1b88f33467ee76",
    "src/addons/FS/Escrow/qrcode/phpqrcode/cache/mask_1/mask_137_1.dat": "46a3c9094dfb95c3f8ca3b41cba8daa85fe11ac671b3e37979b513e2bcf7aee8",
    "src/addons/FS/Escrow/qrcode/phpqrcode/cache/mask_1/mask_141_1.dat": "72288cfbb1bb653946fc7c6de2f018770cd5225f68cef695a36094b6d93c2d49",
    "src/addons/FS/Escrow/qrcode/phpqrcode/cache/mask_1/mask_145_1.dat": "398624de94b7028cd013354e4d17c9e78de32efe129fd30125d144e48820961e",
    "src/addons/FS/Escrow/qrcode/phpqrcode/cache/mask_1/mask_149_1.dat": "a6dbff05764ad52c5ba77a41e884c14a7815914a3345b7c87dd1c33e2b42380e",
    "src/addons/FS/Escrow/qrcode/phpqrcode/cache/mask_1/mask_153_1.dat": "e041d8680c2c7b790474be3e0e130d886e01f1a4d335a4bc50b746d58ef4afc0",
    "src/addons/FS/Escrow/qrcode/phpqrcode/cache/mask_1/mask_157_1.dat": "ea0420d12ffc9c6aafe46dffe9c0f283e3f05698439dccd7b7aa2ccd78cd749c",
    "src/addons/FS/Escrow/qrcode/phpqrcode/cache/mask_1/mask_161_1.dat": "cacefdbf9da103957cdcca730b6d1934923784458e3fac8855e5befcc12c59f8",
    "src/addons/FS/Escrow/qrcode/phpqrcode/cache/mask_1/mask_165_1.dat": "f4d3c77573fa3b0dd4289395abe7db6d568660b2278a2f3ed0551e29debc99b5",
    "src/addons/FS/Escrow/qrcode/phpqrcode/cache/mask_1/mask_169_1.dat": "4a1193fc6cb45cb5b634a37c0a2eef047bb7f0a9494e49ceceba7a5a6822f7ee",
    "src/addons/FS/Escrow/qrcode/phpqrcode/cache/mask_1/mask_173_1.dat": "b0eade351b2449fa5e4d2be6d3db565e2cf3c06d179d4f5da00e7d224c1d91c0",
    "src/addons/FS/Escrow/qrcode/phpqrcode/cache/mask_1/mask_177_1.dat": "5a93232f409f51a9a80ed93a224c399d8dceb2cad04c30b8bfa4e5651a895ba5",
    "src/addons/FS/Escrow/qrcode/phpqrcode/cache/mask_2/mask_21_2.dat": "613368b13dd93d2934d6aa4df14e6d5fe4119eb0c9de5110c351aacdfe6565eb",
    "src/addons/FS/Escrow/qrcode/phpqrcode/cache/mask_2/mask_25_2.dat": "f09f92532112c697ffa301b72eae0e313403281601906cfa0421beeca104d100",
    "src/addons/FS/Escrow/qrcode/phpqrcode/cache/mask_2/mask_29_2.dat": "5acdc9c77ab1cdb3af42845971f8307277114201e5dacf156b566b6ca692e6b7",
    "src/addons/FS/Escrow/qrcode/phpqrcode/cache/mask_2/mask_33_2.dat": "46aed8d6b0f8e52aba70140cf4aa5a440948df96dd7334b669dde898612e5e35",
    "src/addons/FS/Escrow/qrcode/phpqrcode/cache/mask_2/mask_37_2.dat": "d3d96a8a025aed173e7bba44af4ff4d837c040fd3a187debdbce4a7f64a852a3",
    "src/addons/FS/Escrow/qrcode/phpqrcode/cache/mask_2/mask_41_2.dat": "02be9a914994b679a6ce31291ee5e45151df3a053dbdc725347b23a4e8afc9ed",
    "src/addons/FS/Escrow/qrcode/phpqrcode/cache/mask_2/mask_45_2.dat": "8b5b6af4622033102c71f9b27de042f602c9e6eb96b14d1121a59dff44bba66b",
    "src/addons/FS/Escrow/qrcode/phpqrcode/cache/mask_2/mask_49_2.dat": "1caccfb9515244219f40a87e6ef9f5c60f7875ee405cb223a4336443af736197",
    "src/addons/FS/Escrow/qrcode/phpqrcode/cache/mask_2/mask_53_2.dat": "1caaa44c150dd5861e6a55e03f4a0b586ae946b285f6a5e71626d654f6fe209a",
    "src/addons/FS/Escrow/qrcode/phpqrcode/cache/mask_2/mask_57_2.dat": "67538e50cb2b7ff374f93c0e7510477dde3ebb598d396a119fc706296357cc3f",
    "src/addons/FS/Escrow/qrcode/phpqrcode/cache/mask_2/mask_61_2.dat": "ce99d61436532d64df3c187af23ddcaf742f5c68c1441338e2917061aadcc7b8",
    "src/addons/FS/Escrow/qrcode/phpqrcode/cache/mask_2/mask_65_2.dat": "a1ab64745aec353791864e6b55d7dd3e1b05b86d672c4da7e4dbd5db587f872f",
    "src/addons/FS/Escrow/qrcode/phpqrcode/cache/mask_2/mask_69_2.dat": "37c465f1ef0266dde8d08ef90f599d02228ea1b6db77d3312b5584126f9ad4ee",
    "src/addons/FS/Escrow/qrcode/phpqrcode/cache/mask_2/mask_73_2.dat": "087ecb2dfdea86596f4a891c7c2d5fe9f30cb575743002de3c5575a563eeff33",
    "src/addons/FS/Escrow/qrcode/phpqrcode/cache/mask_2/mask_77_2.dat": "c72279af85f460fd55919a52668b21f414dcc48d85d66ccf03859b61b67dd2c9",
    "src/addons/FS/Escrow/qrcode/phpqrcode/cache/mask_2/mask_81_2.dat": "6d053cf8f4245d82a58e0a503a1269909eefd72fea97c9b3b21f19ff5cc8636c",
    "src/addons/FS/Escrow/qrcode/phpqrcode/cache/mask_2/mask_85_2.dat": "b5731b8af6c0d0d95685fc7f44b6211747e47fe192af3b740d2a1615dc8830f5",
    "src/addons/FS/Escrow/qrcode/phpqrcode/cache/mask_2/mask_89_2.dat": "bdaf5b03fb56dc214a3284a2f35c46603d09caa78c570a208f2d34037bec7210",
    "src/addons/FS/Escrow/qrcode/phpqrcode/cache/mask_2/mask_93_2.dat": "d6643ba35e3e7050724daf9fe2a12bb4600c6b77796d1a2e03b5e62b2b7a4f68",
    "src/addons/FS/Escrow/qrcode/phpqrcode/cache/mask_2/mask_97_2.dat": "63dc605ca15618ce96091d1376799ddae245cbb79d0f8220e6b759707c8603ea",
    "src/addons/FS/Escrow/qrcode/phpqrcode/cache/mask_2/mask_101_2.dat": "4c5ba41affabdedfb35e630a64c4a71b7ed90c2a4826af979159f2d86ca371cf",
    "src/addons/FS/Escrow/qrcode/phpqrcode/cache/mask_2/mask_105_2.dat": "2f5826f2ee68adf8a42defd06a1b7db50d8a6662ef133d1e3a6038ebe0ebb659",
    "src/addons/FS/Escrow/qrcode/phpqrcode/cache/mask_2/mask_109_2.dat": "746e8dc3a1948cd0a8c3ef48f40a987c03e744fb75a2b120c90142e9b6c663cb",
    "src/addons/FS/Escrow/qrcode/phpqrcode/cache/mask_2/mask_113_2.dat": "e8982f757e7838d63da9e697e40270c5a112ebbe79337479be7b7f59745139b4",
    "src/addons/FS/Escrow/qrcode/phpqrcode/cache/mask_2/mask_117_2.dat": "8fddb9d833e0a5e22fbe250c2c78e69ef9155873ec3cedb850f130bb5cc5225e",
    "src/addons/FS/Escrow/qrcode/phpqrcode/cache/mask_2/mask_121_2.dat": "c0f2b7f782c8a4ee0e4d869633de55a8729ed24fbe4eacfc88dc07d8c1bc3176",
    "src/addons/FS/Escrow/qrcode/phpqrcode/cache/mask_2/mask_125_2.dat": "29a0f6e8ae1215a3c8fb89b2e9696f0f81946b777a9d891e034406d54c50bc82",
    "src/addons/FS/Escrow/qrcode/phpqrcode/cache/mask_2/mask_129_2.dat": "070568c56a5cb9fb07c68918b6657913859efc15198b7572b2eed9bb3ba10f18",
    "src/addons/FS/Escrow/qrcode/phpqrcode/cache/mask_2/mask_133_2.dat": "ee08bfcdabb95d0857d4564cdae520c054117ac6ba33100b65e8c449495c4a03",
    "src/addons/FS/Escrow/qrcode/phpqrcode/cache/mask_2/mask_137_2.dat": "6219789127a653d66802dc61e4f45891cf938ffa2ebff3c536290e9b39622ec8",
    "src/addons/FS/Escrow/qrcode/phpqrcode/cache/mask_2/mask_141_2.dat": "883772ea74ca7e8f6b3c4ab87617b755d50daacec7f48b594231795f9d867564",
    "src/addons/FS/Escrow/qrcode/phpqrcode/cache/mask_2/mask_145_2.dat": "14cef9072908f1cb548fba9a0928402a72f3cf04b47d36516a638ddf563b1a98",
    "src/addons/FS/Escrow/qrcode/phpqrcode/cache/mask_2/mask_149_2.dat": "ad3f4461380e101412cf35a87846297a8d515f23d97763d0d334fd740a0029c6",
    "src/addons/FS/Escrow/qrcode/phpqrcode/cache/mask_2/mask_153_2.dat": "d87b2f359f9708c8fa12b42b0c2ea031e02261bff8c98f28f5bc420c1faea3ee",
    "src/addons/FS/Escrow/qrcode/phpqrcode/cache/mask_2/mask_157_2.dat": "cc80b37d04b3afaf26c8b749aaf7ce0b913a30892a8ed969a09c0b92d0f619d5",
    "src/addons/FS/Escrow/qrcode/phpqrcode/cache/mask_2/mask_161_2.dat": "77bdc1177b4e625aaa277c2470e900ca714829da5d9901c51eada6dd9754b55c",
    "src/addons/FS/Escrow/qrcode/phpqrcode/cache/mask_2/mask_165_2.dat": "7eb495a0d97b12ae73bd8989cab4908cac0150ebc5c715486f197022e2fba0c7",
    "src/addons/FS/Escrow/qrcode/phpqrcode/cache/mask_2/mask_169_2.dat": "645f0f9abd300f9895ade6776b3f05426c11420029da8f3678a2cdb58d6b8739",
    "src/addons/FS/Escrow/qrcode/phpqrcode/cache/mask_2/mask_173_2.dat": "ff43a903f9f2d42ee0711418725452c312966450dfa432ff8b7c360914386438",
    "src/addons/FS/Escrow/qrcode/phpqrcode/cache/mask_2/mask_177_2.dat": "69ed8753043120c774d466e8ab4da7324146b90ffe9297abb5913bb1ebf9fc29",
    "src/addons/FS/Escrow/qrcode/phpqrcode/cache/mask_3/mask_21_3.dat": "56248bc62eed1bf1361a8e45766ce6689ce0ef2607b6153ee86fbf7616eded6f",
    "src/addons/FS/Escrow/qrcode/phpqrcode/cache/mask_3/mask_25_3.dat": "cb6419827aadde71d031e17924037d36b1b96e0834f48c0ef1723d70c2a960a0",
    "src/addons/FS/Escrow/qrcode/phpqrcode/cache/mask_3/mask_29_3.dat": "6b34eeac673e217a4df1f847946fefd33ab225655fb5fbc176afd95c223eabca",
    "src/addons/FS/Escrow/qrcode/phpqrcode/cache/mask_3/mask_33_3.dat": "6defca65833d0f054ac8bfec23407e81010ba53572b14a8448bb02a2e1cfab0e",
    "src/addons/FS/Escrow/qrcode/phpqrcode/cache/mask_3/mask_37_3.dat": "3ccb39862fab54806a3a560e46e4c577967e8e9501d1f54ffce7f16fcff849fa",
    "src/addons/FS/Escrow/qrcode/phpqrcode/cache/mask_3/mask_41_3.dat": "9549003d2b36db5d30ca8078c190873aa20761d1cbaf9857d92d916dd95b2dd6",
    "src/addons/FS/Escrow/qrcode/phpqrcode/cache/mask_3/mask_45_3.dat": "5abb7de6bcaa590c325fe1e192d699aede043ea09c8178acf9ef5f5bc6c81783",
    "src/addons/FS/Escrow/qrcode/phpqrcode/cache/mask_3/mask_49_3.dat": "6b76517e0b5f93a4e443ca905366c00c52f249ecf9087d1f08f3fe62202de259",
    "src/addons/FS/Escrow/qrcode/phpqrcode/cache/mask_3/mask_53_3.dat": "b2bb9c36066959e56839825cf0b9ea588d46b5f943d3c0cf8909c2fe01a0aba8",
    "src/addons/FS/Escrow/qrcode/phpqrcode/cache/mask_3/mask_57_3.dat": "8bf9ee0bd728f0e602362441a60c6addab40d9fad452fb0f22e46665c3a25e75",
    "src/addons/FS/Escrow/qrcode/phpqrcode/cache/mask_3/mask_61_3.dat": "4b1f88ea1dbc9fd395e2c6589c010260462be84eff1b6854cf624942bb7bd689",
    "src/addons/FS/Escrow/qrcode/phpqrcode/cache/mask_3/mask_65_3.dat": "3268c1d5fce6109b93f4fd236214c587599936d4359c62f9899e1981e8dbe0ca",
    "src/addons/FS/Escrow/qrcode/phpqrcode/cache/mask_3/mask_69_3.dat": "1835ba4184a1ac77399cd3a0571e37565a3fa57b5df0448861aa88b09bf2dfee",
    "src/addons/FS/Escrow/qrcode/phpqrcode/cache/mask_3/mask_73_3.dat": "329458bb01f224ab79af991e38659ff85970c169797975b526a62063bc9c8682",
    "src/addons/FS/Escrow/qrcode/phpqrcode/cache/mask_3/mask_77_3.dat": "17b75ea43f668f6257884f8ac3b44415bd805cede983dd38079f0cef6bbb8964",
    "src/addons/FS/Escrow/qrcode/phpqrcode/cache/mask_3/mask_81_3.dat": "65e72e557cb720559e5555048f450828ab529ef2a8576ad6d7629390f0523ee8",
    "src/addons/FS/Escrow/qrcode/phpqrcode/cache/mask_3/mask_85_3.dat": "5d9353cf3f46d56e130f2717cdde858e40132cbd7b6eee68dac7b13fd7f7b4d2",
    "src/addons/FS/Escrow/qrcode/phpqrcode/cache/mask_3/mask_89_3.dat": "2fb02b5675fbb84075dd882c924c0ce494a57e38aaffc150f1acfc1c5eeda77b",
    "src/addons/FS/Escrow/qrcode/phpqrcode/cache/mask_3/mask_93_3.dat": "9673dad430f347cae5d636f00ab6fbec6bc72e2a22f240bf2661d937826149e5",
    "src/addons/FS/Escrow/qrcode/phpqrcode/cache/mask_3/mask_97_3.dat": "4d98a6939bbd19230a9a661f9289410a4ed4f9614473eb9ebcffd4d1be43bd0d",
    "src/addons/FS/Escrow/qrcode/phpqrcode/cache/mask_3/mask_101_3.dat": "72da15a58b76c3044987209574182b7bbe58182c747dadebf62089201ab4b125",
    "src/addons/FS/Escrow/qrcode/phpqrcode/cache/mask_3/mask_105_3.dat": "a37fcce4df5566f1bb64ac7473d2238fb948ec993af324ee235698e289a896f8",
    "src/addons/FS/Escrow/qrcode/phpqrcode/cache/mask_3/mask_109_3.dat": "05476b3de1fe2b8f35499bdb2e58a1636db80186cb92ce54ea924da5fbf9c271",
    "src/addons/FS/Escrow/qrcode/phpqrcode/cache/mask_3/mask_113_3.dat": "f4825f26cdaf88e56b3da402b8828ffe2f1a4df784578655a83a96f48d6eb0ef",
    "src/addons/FS/Escrow/qrcode/phpqrcode/cache/mask_3/mask_117_3.dat": "bc390fd2ac1fc34b9697fa229bdc7b020fecb61c30e110b108dc8959335eceee",
    "src/addons/FS/Escrow/qrcode/phpqrcode/cache/mask_3/mask_121_3.dat": "bcdd042aaa32e13378b85b06175f7dcaba3b004e06ecf7887d39c2c5d55b8380",
    "src/addons/FS/Escrow/qrcode/phpqrcode/cache/mask_3/mask_125_3.dat": "77b72564ca5541c5226c4d3ada3eb73685527f6ccf811f784e8a1bc144dc1249",
    "src/addons/FS/Escrow/qrcode/phpqrcode/cache/mask_3/mask_129_3.dat": "0380fec1740d0917e66e0149a846ad17f3728bd9a2dc347b9979ff8efe0d8405",
    "src/addons/FS/Escrow/qrcode/phpqrcode/cache/mask_3/mask_133_3.dat": "21cc711dd802536ba74688914e6b6173855bfb2eb427f74652529ac61669258a",
    "src/addons/FS/Escrow/qrcode/phpqrcode/cache/mask_3/mask_137_3.dat": "8032e4067d241710c65ea76ff5bca7d121554a02e86dae71f91a82fdb29fc90a",
    "src/addons/FS/Escrow/qrcode/phpqrcode/cache/mask_3/mask_141_3.dat": "6b7900b92c86a1ce9ff8d85ec3c1750660f149f49e1a1c211ae9b3004368f0c0",
    "src/addons/FS/Escrow/qrcode/phpqrcode/cache/mask_3/mask_145_3.dat": "6ece3a26e4a9cd37f2250eeea3c7dd9d4a0480782b85e8bd2c001eb573432f7f",
    "src/addons/FS/Escrow/qrcode/phpqrcode/cache/mask_3/mask_149_3.dat": "456279bb27eb4d6f0257373eae433cbae9f69363ffe264b2f693a30c4bb101bd",
    "src/addons/FS/Escrow/qrcode/phpqrcode/cache/mask_3/mask_153_3.dat": "c42520fb6c75d834ed7adaa37a9d4819188c3c11b23522bc9c3024ab1d512136",
    "src/addons/FS/Escrow/qrcode/phpqrcode/cache/mask_3/mask_157_3.dat": "b5e103268e50b0e4ef2b7326ada804f5fdaa45354465e4d4783f0c3bba6b9bbc",
    "src/addons/FS/Escrow/qrcode/phpqrcode/cache/mask_3/mask_161_3.dat": "88c14e984f8b04a71707bf63bb13e5f68c4e6e6df00f9d30b38f27c40aaf233c",
    "src/addons/FS/Escrow/qrcode/phpqrcode/cache/mask_3/mask_165_3.dat": "288cc5f6824331d5f8e995c6ebc3df9e7ac9d64f9d3a3811bd832173eeb44b11",
    "src/addons/FS/Escrow/qrcode/phpqrcode/cache/mask_3/mask_169_3.dat": "100358562c49d5f8b04f04fecf1b1ddba4e8a808679222bcea88e29eef7b35e7",
    "src/addons/FS/Escrow/qrcode/phpqrcode/cache/mask_3/mask_173_3.dat": "fa2ca8f02bca83430f61d97bac6f6343751b7715bf310204c24ad002158a7390",
    "src/addons/FS/Escrow/qrcode/phpqrcode/cache/mask_3/mask_177_3.dat": "b56a0e7e8516e91c03bc3ccb495b9cfee1aae86a10c8b4927c5224ce19b4d58c",
    "src/addons/FS/Escrow/qrcode/phpqrcode/cache/mask_4/mask_21_4.dat": "17bd1bb030db8c2ba4d1d1838500cfe9c18f36bd756c93659d73dc93cea026be",
    "src/addons/FS/Escrow/qrcode/phpqrcode/cache/mask_4/mask_25_4.dat": "5f84190b2a56bff8222e1c264d5f0cd71e130005b98923754d2945b5e2e36efb",
    "src/addons/FS/Escrow/qrcode/phpqrcode/cache/mask_4/mask_29_4.dat": "d12d79a49ede74929e953d3236f775d833e508bf0f23b55baed6444ddaf4e588",
    "src/addons/FS/Escrow/qrcode/phpqrcode/cache/mask_4/mask_33_4.dat": "b88a2112b22b17c6a4c8932aef4179fc6b2a931242e5c13a95eda40f1591b6c2",
    "src/addons/FS/Escrow/qrcode/phpqrcode/cache/mask_4/mask_37_4.dat": "ee248dd9bfb681698ecc67f4a0b78493b3e3f7da51e682159349d2ba8de95cc1",
    "src/addons/FS/Escrow/qrcode/phpqrcode/cache/mask_4/mask_41_4.dat": "64e1b098c7a03c6a027542969ee79537d3359eb2179c44751a49b546f2f34b88",
    "src/addons/FS/Escrow/qrcode/phpqrcode/cache/mask_4/mask_45_4.dat": "d34edd657a45100ebb049099818a0eb8b10b89cfbd5fbc9b43b565294362fe6b",
    "src/addons/FS/Escrow/qrcode/phpqrcode/cache/mask_4/mask_49_4.dat": "9d10a2a16236f195876c453be9e558345fb8903abdb961024060d17b7b6abb3a",
    "src/addons/FS/Escrow/qrcode/phpqrcode/cache/mask_4/mask_53_4.dat": "8881e9291743360bccc522f9a856e594fce915518fe83e2cce075640f0a7cd12",
    "src/addons/FS/Escrow/qrcode/phpqrcode/cache/mask_4/mask_57_4.dat": "ac0e3f68d3ba3364b67573b1f638cbada247a5335f05384e25b3d3045da6e4d8",
    "src/addons/FS/Escrow/qrcode/phpqrcode/cache/mask_4/mask_61_4.dat": "6cac819392af135ba28fd2278869e11e365f9b82b9fcacf643ae10285704e342",
    "src/addons/FS/Escrow/qrcode/phpqrcode/cache/mask_4/mask_65_4.dat": "ad99347fde2be6b5d2ba223be25b2f833684b876c7fc1ed454cb3b48338908ea",
    "src/addons/FS/Escrow/qrcode/phpqrcode/cache/mask_4/mask_69_4.dat": "442878a4043f4cf20b502fc3dc123459b02c9bb44d37130a4a43ca907efb32f6",
    "src/addons/FS/Escrow/qrcode/phpqrcode/cache/mask_4/mask_73_4.dat": "a4d498607c8eebf7937258830e9c462af7f4d63572296f06a0b6b09971693587",
    "src/addons/FS/Escrow/qrcode/phpqrcode/cache/mask_4/mask_77_4.dat": "54c605623b467270915d54265b1dd21aa5f2baa490b182836941d9c680a2a0c6",
    "src/addons/FS/Escrow/qrcode/phpqrcode/cache/mask_4/mask_81_4.dat": "adf3dc697c96ef13ffeccd497e6e07c4b156c96897b0d8a3a0b795583300c9cf",
    "src/addons/FS/Escrow/qrcode/phpqrcode/cache/mask_4/mask_85_4.dat": "b2bbb550f283062f1384454212d9cb7b270650d6809c672fc329064598128969",
    "src/addons/FS/Escrow/qrcode/phpqrcode/cache/mask_4/mask_89_4.dat": "33b2da14f48bc7408d3220a485c06c9e5037d36813213528a407f5db6c8640f9",
    "src/addons/FS/Escrow/qrcode/phpqrcode/cache/mask_4/mask_93_4.dat": "7a3029f35f9278a928f44cbd8791a86e1db4cd83a4beb815105bd26f6bbc4124",
    "src/addons/FS/Escrow/qrcode/phpqrcode/cache/mask_4/mask_97_4.dat": "48b4c8b8d6630b8b8ec4a05f89d1f3895a1fbd74d71ff06d2faba646d77695c8",
    "src/addons/FS/Escrow/qrcode/phpqrcode/cache/mask_4/mask_101_4.dat": "de525790994edbdcbf853d2a8ca2a8e945a7c8d1e4ec91d2f7a6d845d02f6bd8",
    "src/addons/FS/Escrow/qrcode/phpqrcode/cache/mask_4/mask_105_4.dat": "f01dbc4aa0e9f87c186758384f98d81e321c0033c6683e2328516f493a562f10",
    "src/addons/FS/Escrow/qrcode/phpqrcode/cache/mask_4/mask_109_4.dat": "58a256ca3d8a761274fd66a7b09fa0492fbe23a16a73f96ee8eb1ab65e57e68a",
    "src/addons/FS/Escrow/qrcode/phpqrcode/cache/mask_4/mask_113_4.dat": "e2d36676c8b48af06108b02fa8bbd0ae86654f51f09fa8cd5ce5d654d8c03897",
    "src/addons/FS/Escrow/qrcode/phpqrcode/cache/mask_4/mask_117_4.dat": "9df9dadf47691dc5445fdb89bc2485134d44700bde60d8b50bb1e99953ec38d2",
    "src/addons/FS/Escrow/qrcode/phpqrcode/cache/mask_4/mask_121_4.dat": "8c540704500ffdf5615ca8ee88ff67a16834c024a48b7e0693377453851e3d9f",
    "src/addons/FS/Escrow/qrcode/phpqrcode/cache/mask_4/mask_125_4.dat": "90e581fbd546d4ede85446f86eeac31f14fa364df4ed34e83da78916e8c474a7",
    "src/addons/FS/Escrow/qrcode/phpqrcode/cache/mask_4/mask_129_4.dat": "89f3a7fcb5548610e66f8f364733cd64bef1989104ee523a2e48f2550239fe16",
    "src/addons/FS/Escrow/qrcode/phpqrcode/cache/mask_4/mask_133_4.dat": "4c6efb32c59ce66c323c5efe1dd5bec7397eff7a21200e00d3d9269c81892781",
    "src/addons/FS/Escrow/qrcode/phpqrcode/cache/mask_4/mask_137_4.dat": "851824ccdc07a110078aa6058f21d2ab28c146b5dcaf03157e153e84c9914be2",
    "src/addons/FS/Escrow/qrcode/phpqrcode/cache/mask_4/mask_141_4.dat": "eff41ee33ac0dff185e318ece4c8d5ac574f88d7e2ceb7b0b87d56d2bf6f04dd",
    "src/addons/FS/Escrow/qrcode/phpqrcode/cache/mask_4/mask_145_4.dat": "b9396c7a9f11376cefcabfa58eda730521fa1997dc0eabe69144c393430dc29d",
    "src/addons/FS/Escrow/qrcode/phpqrcode/cache/mask_4/mask_149_4.dat": "42f378194daa0f6db33b50f76f3601117c7bf88010e8d4d7cc21c117a8060db9",
    "src/addons/FS/Escrow/qrcode/phpqrcode/cache/mask_4/mask_153_4.dat": "89b29b7fbdeb26551430b8d65d8a1537f0e96f6d963935cd61d4b79d9e07653b",
    "src/addons/FS/Escrow/qrcode/phpqrcode/cache/mask_4/mask_157_4.dat": "0d2af6b59546c2c2d898adfd6930edd698d7f6ce620aa82ab22e2b1673b49cbb",
    "src/addons/FS/Escrow/qrcode/phpqrcode/cache/mask_4/mask_161_4.dat": "11418c26bd42957731dc4ac8c5e485c7e84a882862ee8e032cc35ea4207de400",
    "src/addons/FS/Escrow/qrcode/phpqrcode/cache/mask_4/mask_165_4.dat": "1cee6eaeaa51ca43f71f917ac1717766fd02ea07c4af906c1cacc3c463dff231",
    "src/addons/FS/Escrow/qrcode/phpqrcode/cache/mask_4/mask_169_4.dat": "35f97a54634c0b786fdab0ecbeca866f7f0e368326f904d7461d236d29120059",
    "src/addons/FS/Escrow/qrcode/phpqrcode/cache/mask_4/mask_173_4.dat": "702d47a6be12d8076377e329a80e43557b9488656cb88960f97f755735b68807",
    "src/addons/FS/Escrow/qrcode/phpqrcode/cache/mask_4/mask_177_4.dat": "f538f4e1b160d62620f95bc9b92cb3cb58f954bf934ca07df72dfadd344ff33a",
    "src/addons/FS/Escrow/qrcode/phpqrcode/cache/mask_5/mask_21_5.dat": "980da971a0c51c990594c5bde8046aaf7b127df4bf99bb3e2596f93cae8d904a",
    "src/addons/FS/Escrow/qrcode/phpqrcode/cache/mask_5/mask_25_5.dat": "911e2244fb904ae8a349c698de20e50f84c34c85e7bc95a6259c63dc5beab36c",
    "src/addons/FS/Escrow/qrcode/phpqrcode/cache/mask_5/mask_29_5.dat": "c19322ffcc0facb8aff45bf7e363ca484e00eb297e1c81a12aba35b6860a2b70",
    "src/addons/FS/Escrow/qrcode/phpqrcode/cache/mask_5/mask_33_5.dat": "702230366bef4604972d83557e16e3331ae572dcc683fd8e1ead0d987dd8c353",
    "src/addons/FS/Escrow/qrcode/phpqrcode/cache/mask_5/mask_37_5.dat": "dda1be56cb365bbd59b701100962f55137dc93a3fa45bab2ad7b62913d323dbd",
    "src/addons/FS/Escrow/qrcode/phpqrcode/cache/mask_5/mask_41_5.dat": "dd4dbc8925f733f8347acb8581da2984990b43816fa213ee728b4f2c6302da0a",
    "src/addons/FS/Escrow/qrcode/phpqrcode/cache/mask_5/mask_45_5.dat": "74a7bb7b92255a358e4e86df3cb8e91754f2b5c225d18248695a888e9af7e9be",
    "src/addons/FS/Escrow/qrcode/phpqrcode/cache/mask_5/mask_49_5.dat": "dd9b8a2261dbb38fe7567ecc00f1626ad006a56ea63da6492e84256cf143c2af",
    "src/addons/FS/Escrow/qrcode/phpqrcode/cache/mask_5/mask_53_5.dat": "0b7ac02e1ba0e882e4c8f7d511115019784d4b72c912bdfd015028bd3f20533b",
    "src/addons/FS/Escrow/qrcode/phpqrcode/cache/mask_5/mask_57_5.dat": "2fec6d4cf5e4e71382f45fe9dd39e81a8c00a021d5a7676ac5879e48fccccda3",
    "src/addons/FS/Escrow/qrcode/phpqrcode/cache/mask_5/mask_61_5.dat": "0b34e9bf4562b299325f7135726782cfb3dbb9a29c9eb80a24dd51935732b658",
    "src/addons/FS/Escrow/qrcode/phpqrcode/cache/mask_5/mask_65_5.dat": "dbefd2d27b45dd4ec3ca20c301d6017cee404463f78a521d056bfbfcca97867c",
    "src/addons/FS/Escrow/qrcode/phpqrcode/cache/mask_5/mask_69_5.dat": "3926fa5aff870a8f8674518eefcaf1aa569a899584e536594ffe18fbeb1cc492",
    "src/addons/FS/Escrow/qrcode/phpqrcode/cache/mask_5/mask_73_5.dat": "959972cfee9823fe7cfc6ef3797abba7374263318ee984f997cae917267a2d37",
    "src/addons/FS/Escrow/qrcode/phpqrcode/cache/mask_5/mask_77_5.dat": "3d7d4564b7b7713f44173538d26a71ac1e893dbf98fe276c1d2243fcc9c1e786",
    "src/addons/FS/Escrow/qrcode/phpqrcode/cache/mask_5/mask_81_5.dat": "9c6e7ac04c660c80fdd759ec2b8cf3a2f714d2f7787d046bc6a8700650ab3dd4",
    "src/addons/FS/Escrow/qrcode/phpqrcode/cache/mask_5/mask_85_5.dat": "6e51988b45f8cf8b2f5b64a0dff63f642e466b992e0d1ae6b9a47f1fc4e3fc0f",
    "src/addons/FS/Escrow/qrcode/phpqrcode/cache/mask_5/mask_89_5.dat": "682c2a53fbee93a177b9fcbd4f89737cd6827f9c64909322e22db6f6ac5d497c",
    "src/addons/FS/Escrow/qrcode/phpqrcode/cache/mask_5/mask_93_5.dat": "592cb1a37aa15301f8d19ca47da00d6bd51293c14f85b8a1c1e1f57548a2002e",
    "src/addons/FS/Escrow/qrcode/phpqrcode/cache/mask_5/mask_97_5.dat": "80cfefac95ba96cbd15eac57f8c3dcc4ca2fe6722eaf8937c6475e45d268a0ee",
    "src/addons/FS/Escrow/qrcode/phpqrcode/cache/mask_5/mask_101_5.dat": "455f93ccdeb3cd035e9ffb8a7a4208716307afe761be14253d1cc480fcb2794e",
    "src/addons/FS/Escrow/qrcode/phpqrcode/cache/mask_5/mask_105_5.dat": "3e2d9131535ba36f5ac68993dd673b0853287ce281af03f79be979003d2fa4d3",
    "src/addons/FS/Escrow/qrcode/phpqrcode/cache/mask_5/mask_109_5.dat": "02bd68e467070d9a5d0ad34946d9637e0edf340eadc8397419e98324bfcb7913",
    "src/addons/FS/Escrow/qrcode/phpqrcode/cache/mask_5/mask_113_5.dat": "3445fe2d72450d79d5b7a2499961295164a90d90512b43e442d8e4cada61b313",
    "src/addons/FS/Escrow/qrcode/phpqrcode/cache/mask_5/mask_117_5.dat": "a9b0b911ba4f17660ea81073e3ff912fb9616385e104b03005f142c7fdfd111c",
    "src/addons/FS/Escrow/qrcode/phpqrcode/cache/mask_5/mask_121_5.dat": "aeca8d0ae7f47964089308a38e836aea14507ede168e59dac1d55a7c7072704b",
    "src/addons/FS/Escrow/qrcode/phpqrcode/cache/mask_5/mask_125_5.dat": "e96d9ac1181f322f2f75a827a013c39f3cba6886033dc7c0c0dabd651c8a24ee",
    "src/addons/FS/Escrow/qrcode/phpqrcode/cache/mask_5/mask_129_5.dat": "20216899b071c75d6a79c5422ef1efd89a09e79147cea56c9f14c42cbff4ffe7",
    "src/addons/FS/Escrow/qrcode/phpqrcode/cache/mask_5/mask_133_5.dat": "39b0ba40de8d8b799074357ae7ea25c1302295aba8531e2cbf1ab714750b0e3d",
    "src/addons/FS/Escrow/qrcode/phpqrcode/cache/mask_5/mask_137_5.dat": "49c7d8f0c128956a02e44c7a429f7fe44f3dd9d7b8e419fce2feb1b51ef3d03e",
    "src/addons/FS/Escrow/qrcode/phpqrcode/cache/mask_5/mask_141_5.dat": "28675502151ff13cd01f5229488cf6fb4599cc8ac4b0196cdf07fea5bc64fc73",
    "src/addons/FS/Escrow/qrcode/phpqrcode/cache/mask_5/mask_145_5.dat": "04c0e9473b5d68199ccfe68b49f9048867cf6686c4d938056f1cb9f65038c33a",
    "src/addons/FS/Escrow/qrcode/phpqrcode/cache/mask_5/mask_149_5.dat": "55aba3e7d2ed0a2aa21763859e52f664a0f22352cc2253e20652af006db38c52",
    "src/addons/FS/Escrow/qrcode/phpqrcode/cache/mask_5/mask_153_5.dat": "07a4828ded421dea8e2fa9bea54356d617279af82ff141f5dd81206b659d5973",
    "src/addons/FS/Escrow/qrcode/phpqrcode/cache/mask_5/mask_157_5.dat": "4cf5d83b905e6aad3d6c10d22ff45c588ec68fdc34901c55dbd8e2cbf41a4e3e",
    "src/addons/FS/Escrow/qrcode/phpqrcode/cache/mask_5/mask_161_5.dat": "231faf33f01285930e277d49505bcd3f7b4392b78dae7ddbc335e2963399301b",
    "src/addons/FS/Escrow/qrcode/phpqrcode/cache/mask_5/mask_165_5.dat": "1b07cfee917a3c28204d0c44a455f4a280ca62b4580c0b45cda830d12b227772",
    "src/addons/FS/Escrow/qrcode/phpqrcode/cache/mask_5/mask_169_5.dat": "17ad94b4bc35b189402534b53aa662067da4f19903aca0ff17e67aa513179e91",
    "src/addons/FS/Escrow/qrcode/phpqrcode/cache/mask_5/mask_173_5.dat": "800b67335dbdf53dd72a1afb8624bfc5489a32de6ed8b7f7b2947a6842aa2cca",
    "src/addons/FS/Escrow/qrcode/phpqrcode/cache/mask_5/mask_177_5.dat": "cbf70ef75de1927b113e1513b0c08b094bd9c8c880ae5d9b7d9c84741e3cef3d",
    "src/addons/FS/Escrow/qrcode/phpqrcode/cache/mask_6/mask_21_6.dat": "2924412e150b75eeae57bc370456ac5b77976b68411793b4ac4d26b31f539861",
    "src/addons/FS/Escrow/qrcode/phpqrcode/cache/mask_6/mask_25_6.dat": "97fff2dc6e19a055def568f0780d769c7bb2dea37d9f63ef97595fff3bfc8c07",
    "src/addons/FS/Escrow/qrcode/phpqrcode/cache/mask_6/mask_29_6.dat": "d541959d4258df7f195808627b8d8df671956dca690c330c9497a17961dd3a75",
    "src/addons/FS/Escrow/qrcode/phpqrcode/cache/mask_6/mask_33_6.dat": "6f137c5afb7e9d7ac47aa3751af4facdaf007c58f796b83a4b511a3c077f3fd2",
    "src/addons/FS/Escrow/qrcode/phpqrcode/cache/mask_6/mask_37_6.dat": "be80b90dfdf6c82531d6688b0927d49bf48ae56edcca3460457d845d3c344530",
    "src/addons/FS/Escrow/qrcode/phpqrcode/cache/mask_6/mask_41_6.dat": "97ac06fa6f792753f8c46ad0a5f97a65022716304b9076286812b2191cb7cd5b",
    "src/addons/FS/Escrow/qrcode/phpqrcode/cache/mask_6/mask_45_6.dat": "9b039b6a19a0d5a6e0a52fcbdcf3fccd4bf4fbe8270df26a5ed4facad5fbbf78",
    "src/addons/FS/Escrow/qrcode/phpqrcode/cache/mask_6/mask_49_6.dat": "7c17da7fad18cbef4c305e150a671e3afd66f64ea235f41826b9582585c6035c",
    "src/addons/FS/Escrow/qrcode/phpqrcode/cache/mask_6/mask_53_6.dat": "5a053911628b3e6a1a20bc9b760e4a0f23919bb440cf1f89e3a111ff03fa2da5",
    "src/addons/FS/Escrow/qrcode/phpqrcode/cache/mask_6/mask_57_6.dat": "2cae17f20b2b5cb5eb33aefa5bcb2f5c83d2f5f4cf7e59ac616becc05375c406",
    "src/addons/FS/Escrow/qrcode/phpqrcode/cache/mask_6/mask_61_6.dat": "06ca60bafe0f38e53a26ee6411b74dfedf750f31c7980783354fb524dedf85c3",
    "src/addons/FS/Escrow/qrcode/phpqrcode/cache/mask_6/mask_65_6.dat": "b4d24336f4edd901f5245ffbec210b6d1191e37abaf1cc205f85adab6ac46453",
    "src/addons/FS/Escrow/qrcode/phpqrcode/cache/mask_6/mask_69_6.dat": "d87a794d069fe34cdd332fc415bb4c393f9b937c6bd17d99a95a2453ef87527d",
    "src/addons/FS/Escrow/qrcode/phpqrcode/cache/mask_6/mask_73_6.dat": "43341c21f29e4f5de9ca61af6699ca1c4a7ebb496cd4ff5f5e5602cd2b799959",
    "src/addons/FS/Escrow/qrcode/phpqrcode/cache/mask_6/mask_77_6.dat": "3d843beb8dce8661ea503af73ba4e7a2c4561ec4c22eee2a74230b83e8a20142",
    "src/addons/FS/Escrow/qrcode/phpqrcode/cache/mask_6/mask_81_6.dat": "f3bec1ed69294216a4b604d95e7c143dceae8edea37368fa43ad65f9c21a6a57",
    "src/addons/FS/Escrow/qrcode/phpqrcode/cache/mask_6/mask_85_6.dat": "83ef003a770ae670f201e31e8e81fdea8268ef37b49b6af620749be5c42f6ffc",
    "src/addons/FS/Escrow/qrcode/phpqrcode/cache/mask_6/mask_89_6.dat": "26af81b3fe6aff2cd99f73147a29369b8b485bb9b7360dc4c599e98b373b7b81",
    "src/addons/FS/Escrow/qrcode/phpqrcode/cache/mask_6/mask_93_6.dat": "000495e5fc11b2cacd4d0244b21e28c28997e9c0bacf4eca6628a24c06030ef6",
    "src/addons/FS/Escrow/qrcode/phpqrcode/cache/mask_6/mask_97_6.dat": "34fc0c02ac8ee7316c49bf7204877db10ae4b8985a092c6c30023782aa821e48",
    "src/addons/FS/Escrow/qrcode/phpqrcode/cache/mask_6/mask_101_6.dat": "430ee336aec9ac8a57bfac3941b381167b010e83096694718b4b4849519dddc6",
    "src/addons/FS/Escrow/qrcode/phpqrcode/cache/mask_6/mask_105_6.dat": "e232aa75c2863176fac119ce22efd7ae0476bbafa6bf84159bb093d40dc7ae9c",
    "src/addons/FS/Escrow/qrcode/phpqrcode/cache/mask_6/mask_109_6.dat": "f5aceb07530eef1868da6d9d924effd57061c12a1d7bc00b2c1220b1c2256136",
    "src/addons/FS/Escrow/qrcode/phpqrcode/cache/mask_6/mask_113_6.dat": "619ac9226096baa6c233a9e8ca18c853b4b1c57662b47830619578e2fedfe4e8",
    "src/addons/FS/Escrow/qrcode/phpqrcode/cache/mask_6/mask_117_6.dat": "809dd561a19c582cbb912c908b0f34180e5d65076cad69a70707bfe5e1cfb466",
    "src/addons/FS/Escrow/qrcode/phpqrcode/cache/mask_6/mask_121_6.dat": "bab3ca03882d68b7f225164010449fda5c6657899a88ff734edf5a18d4e5c502",
    "src/addons/FS/Escrow/qrcode/phpqrcode/cache/mask_6/mask_125_6.dat": "1cd649bce233dc14bb000aeb4901cc8a18f4264f8eca56bae80509d58fb16d4e",
    "src/addons/FS/Escrow/qrcode/phpqrcode/cache/mask_6/mask_129_6.dat": "8ab4ee088b3296a5f4ef46b1f2fa2cbe231459a85eb3776f1bdfafaf004d462e",
    "src/addons/FS/Escrow/qrcode/phpqrcode/cache/mask_6/mask_133_6.dat": "167625c5378c260b503129dff85c067d0f559b7e63d7f9d9cbdcc6ffdbc826a8",
    "src/addons/FS/Escrow/qrcode/phpqrcode/cache/mask_6/mask_137_6.dat": "da5adcef9ce73718249fa86100135fdf1b567a9e362832e25bc32b60ef553078",
    "src/addons/FS/Escrow/qrcode/phpqrcode/cache/mask_6/mask_141_6.dat": "97aa706277cdaad2aeaa1bfcd2d653391f3109e8304f49d270a24c9c2727e63a",
    "src/addons/FS/Escrow/qrcode/phpqrcode/cache/mask_6/mask_145_6.dat": "5d1f187f8f51563e2c1424fba43f5d358373edab29ae5e8a50e2447b914e5368",
    "src/addons/FS/Escrow/qrcode/phpqrcode/cache/mask_6/mask_149_6.dat": "e05dca6b55c26f65afcd0eec3737006e264bb9560c180ff06dfec0aca8267691",
    "src/addons/FS/Escrow/qrcode/phpqrcode/cache/mask_6/mask_153_6.dat": "3b696387a7d8fa5df41e550aeabab247d0f1d3ed1893407dd85511198f292cc7",
    "src/addons/FS/Escrow/qrcode/phpqrcode/cache/mask_6/mask_157_6.dat": "c549a27f5491a8c22ae3ab4beab7e4581539601e330b984eb50456821ef2b955",
    "src/addons/FS/Escrow/qrcode/phpqrcode/cache/mask_6/mask_161_6.dat": "e2b4731b4aacd71c32d602e0bd6ea6a5c4e8647306c4fecf64c3b0e408634fd0",
    "src/addons/FS/Escrow/qrcode/phpqrcode/cache/mask_6/mask_165_6.dat": "95c7d2827f85110b9b10993a9d208768f22ae17c6d7afd73ec487d198e49b4ce",
    "src/addons/FS/Escrow/qrcode/phpqrcode/cache/mask_6/mask_169_6.dat": "f2e939a70d4925a8d0e094673b51ee384ffe56c2714a4be07c218f3757e34aed",
    "src/addons/FS/Escrow/qrcode/phpqrcode/cache/mask_6/mask_173_6.dat": "4408ede344d20cb4511b8effcbf14eebe2e1f7cd340b2e2d06ac74f7bfef8b16",
    "src/addons/FS/Escrow/qrcode/phpqrcode/cache/mask_6/mask_177_6.dat": "2776f06af15b642097056adf22f43dfdaf0160611ee931012bfd9e5d566b3f4e",
    "src/addons/FS/Escrow/qrcode/phpqrcode/cache/mask_7/mask_21_7.dat": "dfce08ae4f3c8cab125f2bed5f8a7b5c8c361bfb9d1fa6923fd4a6ec621e5a11",
    "src/addons/FS/Escrow/qrcode/phpqrcode/cache/mask_7/mask_25_7.dat": "f5ef6cbd8187b0c3ae213c75b440a2b53ab468dbd4dfab0fa31d90d8504d852d",
    "src/addons/FS/Escrow/qrcode/phpqrcode/cache/mask_7/mask_29_7.dat": "a39df7430692a9ce9b1607c343d1cbadaedc43ee7b0e1eefcaceaf7c9dd96a16",
    "src/addons/FS/Escrow/qrcode/phpqrcode/cache/mask_7/mask_33_7.dat": "6e0a5191421a883f7a5acf88b6087e26508dfb174af296f6468d20aa3405e9eb",
    "src/addons/FS/Escrow/qrcode/phpqrcode/cache/mask_7/mask_37_7.dat": "61d1dcfa16e5a6f8c2ceb2ff2b3f7cd9f050315fe3862b2acdc35c050671360b",
    "src/addons/FS/Escrow/qrcode/phpqrcode/cache/mask_7/mask_41_7.dat": "790ef0adbd6c86eeb4bc985ef4f758402e0aea804383a886d2d24af0e5cd80e5",
    "src/addons/FS/Escrow/qrcode/phpqrcode/cache/mask_7/mask_45_7.dat": "d3a4e7130bd2e6639aab5eed506c431d7b8552bae43a745b84c94fda6b6f038f",
    "src/addons/FS/Escrow/qrcode/phpqrcode/cache/mask_7/mask_49_7.dat": "7d74262babf679b0f57e3b97f8dd830208df3a8d74ef656b4368fbaa27a8d3f6",
    "src/addons/FS/Escrow/qrcode/phpqrcode/cache/mask_7/mask_53_7.dat": "04a784bc3191ffb65a73350f4b6937bd0720b39699e69bab6e0954dddeeaf0b1",
    "src/addons/FS/Escrow/qrcode/phpqrcode/cache/mask_7/mask_57_7.dat": "fbfc18fbf85452d31fd326af77ab1b83b8c20835337128624d8b83e73c09f072",
    "src/addons/FS/Escrow/qrcode/phpqrcode/cache/mask_7/mask_61_7.dat": "fd3dc5dab49b874aea20a97e9bc23b35b6df879680ca49b60b1514ba3f7902f7",
    "src/addons/FS/Escrow/qrcode/phpqrcode/cache/mask_7/mask_65_7.dat": "fea6de4e7c6ac28d6f9afadd767ed2d560c6c09ee1ba62f4f2a6ef20f501a39f",
    "src/addons/FS/Escrow/qrcode/phpqrcode/cache/mask_7/mask_69_7.dat": "ce8944b4dc7b266055d59333e4c38950e4497544509b31a6c588ef47d5ce9458",
    "src/addons/FS/Escrow/qrcode/phpqrcode/cache/mask_7/mask_73_7.dat": "21bff7ccd67dd6d881a62b571edd31727cc6bf8ae4a7e1539afa3a5d5f38e0b8",
    "src/addons/FS/Escrow/qrcode/phpqrcode/cache/mask_7/mask_77_7.dat": "3b998e9da2d99d0c1c0eab3793fcbde484993844ebffe81572a0d0e60140e5a3",
    "src/addons/FS/Escrow/qrcode/phpqrcode/cache/mask_7/mask_81_7.dat": "c7df5343a7fb0e53b472bc496d84260aa06ba1cd8f2eacdba1c9d2bd604983b1",
    "src/addons/FS/Escrow/qrcode/phpqrcode/cache/mask_7/mask_85_7.dat": "4fc232b2e7a64185923b29411d669804fdbeb9246872d588a1e9af4110eeabef",
    "src/addons/FS/Escrow/qrcode/phpqrcode/cache/mask_7/mask_89_7.dat": "68e44d38bd9eec16d322070b653dc45c3e8d620dad16e14ae7dbe190c894494f",
    "src/addons/FS/Escrow/qrcode/phpqrcode/cache/mask_7/mask_93_7.dat": "92a8168e35e950cec0e81c36b5ba1d5bd02194c3b0b4ba36809837209fb6f120",
    "src/addons/FS/Escrow/qrcode/phpqrcode/cache/mask_7/mask_97_7.dat": "4ca73493ce5d21ef38e66d66f729bbf462fe125a955c8616b99441067b247ad5",
    "src/addons/FS/Escrow/qrcode/phpqrcode/cache/mask_7/mask_101_7.dat": "66c7ce423223596c697c9e65598591299abcfcaaf80fbf98214c351c955bc348",
    "src/addons/FS/Escrow/qrcode/phpqrcode/cache/mask_7/mask_105_7.dat": "f2019b8a3e1eae8501a9c46492695039b151e1391b56b640f7054b7b7bee3707",
    "src/addons/FS/Escrow/qrcode/phpqrcode/cache/mask_7/mask_109_7.dat": "d62520a1aee989c8cfc25479113e94adfa67f436a7fc9136c7b2d931bb525e30",
    "src/addons/FS/Escrow/qrcode/phpqrcode/cache/mask_7/mask_113_7.dat": "a2c5e89b63ddbafe8bf226fae986540bb3fa28039128d166b3319780c71265bc",
    "src/addons/FS/Escrow/qrcode/phpqrcode/cache/mask_7/mask_117_7.dat": "ea5bfb3c88296d7f887f16b0b63371545cb53abe60e73cba399cdc5079765079",
    "src/addons/FS/Escrow/qrcode/phpqrcode/cache/mask_7/mask_121_7.dat": "b99b2f25b0e5211482df9288037910fe42acbc4b9481f66e7e673e8e931cb150",
    "src/addons/FS/Escrow/qrcode/phpqrcode/cache/mask_7/mask_125_7.dat": "9ab142e2b8b6791534f23580c5599b56fe8704027afb9999b1bd6e51505410f9",
    "src/addons/FS/Escrow/qrcode/phpqrcode/cache/mask_7/mask_129_7.dat": "2d3b210fa83f5a3a5e7326c117ba2ea7f87130b81f6e21fc59239aeca036c313",
    "src/addons/FS/Escrow/qrcode/phpqrcode/cache/mask_7/mask_133_7.dat": "53d1123d07860a60c20a2513a8b48c857be76666aeab64a6510fb877c49dd162",
    "src/addons/FS/Escrow/qrcode/phpqrcode/cache/mask_7/mask_137_7.dat": "3afba2c11a1ee220949239901e209825725623d3e3043ae9cae6552f7060720c",
    "src/addons/FS/Escrow/qrcode/phpqrcode/cache/mask_7/mask_141_7.dat": "6ae48d2975d3b5904368e4f142bcc2030df165f4279ff5483eb834efd45cd88c",
    "src/addons/FS/Escrow/qrcode/phpqrcode/cache/mask_7/mask_145_7.dat": "c58626c63d15b6e60666f1482fcf38487677fe3ed8404b0be270249f6a6d2599",
    "src/addons/FS/Escrow/qrcode/phpqrcode/cache/mask_7/mask_149_7.dat": "99a806fcf2e074a3aead6164bd433013d07f6018d1a15b2a2e4ff799754247f1",
    "src/addons/FS/Escrow/qrcode/phpqrcode/cache/mask_7/mask_153_7.dat": "68deb2389091190b8381c75df526a4e6d5431e0fa7c562f10d1f231400ff84ab",
    "src/addons/FS/Escrow/qrcode/phpqrcode/cache/mask_7/mask_157_7.dat": "8886040344e3cd488d26d585c39c77f62d40877e7c8d0646bc845fd5cc00630d",
    "src/addons/FS/Escrow/qrcode/phpqrcode/cache/mask_7/mask_161_7.dat": "265c576db4c77a01a3c68d4c26ee2c564c09321efbcb8ba1e96f8605aa73c4a1",
    "src/addons/FS/Escrow/qrcode/phpqrcode/cache/mask_7/mask_165_7.dat": "e9daa35ff1cd2e5c454a2abe8213e81af31ebab17de244d1cffb7be3a4ff16ee",
    "src/addons/FS/Escrow/qrcode/phpqrcode/cache/mask_7/mask_169_7.dat": "f736a23e1d4e102b105fb52afbf964ea29a873edb099727491040ca598c528b5",
    "src/addons/FS/Escrow/qrcode/phpqrcode/cache/mask_7/mask_173_7.dat": "53a4e102de0f4850f0ae37aeef79ec5618670d6e1517e3489fedba0b2230a53d",
    "src/addons/FS/Escrow/qrcode/phpqrcode/cache/mask_7/mask_177_7.dat": "c42bdaa71f2087c6d4d56bd8126594d154fe461d2da00e8fe5fd490240194321",
    "src/addons/FS/Escrow/qrcode/phpqrcode/CHANGELOG": "d65d1224f7069c256e1b1a61f0080f6dc4eb86612c645cc3a6a19e287bb4abcb",
    "src/addons/FS/Escrow/qrcode/phpqrcode/index.php": "ccd0a5ece760966402ac334cb29163330c62bd489a79e3c7e5522e2de54a1a97",
    "src/addons/FS/Escrow/qrcode/phpqrcode/INSTALL": "914dac56b8674237ba113e5f7431008f3d57c978b8aa935e13642bebc286db4a",
    "src/addons/FS/Escrow/qrcode/phpqrcode/LICENSE": "f3834b4a6b6e7c112207c84a11e87d4255bee0310b90338b5aaccd849fab1afb",
    "src/addons/FS/Escrow/qrcode/phpqrcode/phpqrcode.php": "20e7231b044ac44a504316500193c9ca4a53bb12500f54c675f008e433c3270f",
    "src/addons/FS/Escrow/qrcode/phpqrcode/qrbitstream.php": "7e1ecdcfc58f574dfeabdf8055c803fb24cc436fe33e40cb842acd543a59a407",
    "src/addons/FS/Escrow/qrcode/phpqrcode/qrconfig.php": "c8e28eed3a0289279cefaa180e553a134595721ab7203003bc2b56f7c304569b",
    "src/addons/FS/Escrow/qrcode/phpqrcode/qrconst.php": "33721bcf7c1e07bd23071c2fdcfcfaaa3bcdab57dfd044ee4b3b06d1c1ed2d13",
    "src/addons/FS/Escrow/qrcode/phpqrcode/qrencode.php": "ea8918b9b5f03a86afa1d2611a025174f27d106976447186a7c285491cd4100a",
    "src/addons/FS/Escrow/qrcode/phpqrcode/qrimage.php": "f02bdbdce007572177f2c37cf1885356e1615440c2fce87228c94fe64e649fc0",
    "src/addons/FS/Escrow/qrcode/phpqrcode/qrinput.php": "1ba352f5608b98a1aecbf18b192a83a0811b493aa74de268c6fb37f421ad0293",
    "src/addons/FS/Escrow/qrcode/phpqrcode/qrlib.php": "57126f0abb1b98043f8b028c6ec483b8d6a9f24946b48c91860bb0d329b3bd53",
    "src/addons/FS/Escrow/qrcode/phpqrcode/qrmask.php": "15f29740ad3bdf17fdfa742dcae2b92bf5232bc6b6e390e6ec7d7699fef5fba3",
    "src/addons/FS/Escrow/qrcode/phpqrcode/qrrscode.php": "21a3b82b15cacfda2247f708d24198d81f3773594546e4c85f5bc5b6a4286fab",
    "src/addons/FS/Escrow/qrcode/phpqrcode/qrspec.php": "f8db612b5adcec1fd39a215a8874dfe5985a8436fbcdee22acd91c09939c8c6b",
    "src/addons/FS/Escrow/qrcode/phpqrcode/qrsplit.php": "6e1ed8553deb880bf91ef0e8ab36dc7dacdf533f4932e896d4fae34a607a89f8",
    "src/addons/FS/Escrow/qrcode/phpqrcode/qrtools.php": "7524be6600862ae7f5a1b43faac637875bfc876cdae16a352db03887df5fe37e",
    "src/addons/FS/Escrow/qrcode/phpqrcode/README": "2f1b062a37715611447f6d6432ae992f2a06a10a63bb4c009b0ec8dddaa9937e",
    "src/addons/FS/Escrow/qrcode/phpqrcode/tools/merge.bat": "385f976ee931541c512b3260f7d437cf89b61a1b5f118279bc28bdac8f84b258",
    "src/addons/FS/Escrow/qrcode/phpqrcode/tools/merge.php": "e25beab2db2219a28d04bf1b821a9bf8e485d5a7f35d1c7c423ad650d2ec35b0",
    "src/addons/FS/Escrow/qrcode/phpqrcode/tools/merge.sh": "99aec4dbfe15e53b144d42a20f96a77266f8e233a028c8a0ce6bca0fce9ea748",
    "src/addons/FS/Escrow/qrcode/phpqrcode/tools/merged_config.php": "6d2c600b9a5369dec727099f29c763b177e73380a6d21cb1a388668be1aed7d7",
    "src/addons/FS/Escrow/qrcode/phpqrcode/tools/merged_header.php": "66dffd8c9ebbe9ce42af74ff35f411c9f38c7a97c2785e3e890e2d659dd90744",
    "src/addons/FS/Escrow/qrcode/phpqrcode/VERSION": "fdf90f98bdc9a4496602fadba2dd3531d5d142b8506983cf0a75b2343260b20d",
    "src/addons/FS/Escrow/Service/Escrow/Approve.php": "b79e67f27d7d1765ce843f2ede08e51bd8d1e58fa3eae093e0621a543b5e3d22",
    "src/addons/FS/Escrow/Service/Escrow/createForum.php": "9eabf57a3e8baefb23db8859c7d7a9855224bc8c6da648fff219072e60251fa1",
    "src/addons/FS/Escrow/Service/Escrow/EscrowServ.php": "8608fd1a3ef42f0c2494d44adb1a47b25f633719a7ed632be32cc6b8e74f613f",
    "src/addons/FS/Escrow/Setup.php": "cb5830f76ef490940dd02ebef20f22b5efa83c1dda71edffcfc134f6b0d2ab76",
    "src/addons/FS/Escrow/XF/Admin/Controller/User.php": "a655f383bb3ff9d7d33b63123a0426eaf541b68406eb0a7c609600dc0fbc5e2d",
    "src/addons/FS/Escrow/XF/Entity/Thread.php": "d5dd077bbed049c823ff452e03a7197e084787201afb79ab02b6a0b53b254433",
    "src/addons/FS/Escrow/XF/Entity/User.php": "66ab7cc9ed2217b4f38e09af13e09b5239dd8c6d3a6bf460f9b9a5e38f26fb57",
    "src/addons/FS/Escrow/XF/Pub/Controller/Forum.php": "3ab351a593def96748dff2f9ebdbf74e60c8befe8776e0c317281fe90e036188",
    "src/addons/FS/Escrow/XF/Pub/Controller/Member.php": "355c8f9807f419014131ad9dc34cf086c25c055af42e800c88150a93a57a4eb5",
    "src/addons/FS/Escrow/XF/Pub/Controller/Post.php": "8254273e2a2bb844a87c7acf2dd9b0497f071423b3d7ad89d6777ca28b45ce34",
    "src/addons/FS/Escrow/XF/Pub/Controller/Thread.php": "84c7a658a111e6a26bd6a6cebed9ff5066a3c6994e2077dacdb66a3f18a10b5e",
    "src/addons/FS/Escrow/XF/Service/Thread/Creator.php": "922573298cceb9fd05970d5077897a1549767bb8c24a0ff31bef624bd8687943",
    "src/addons/FS/Escrow/_data/activity_summary_definitions.xml": "99d8c2563a31320d66f958fc8bda78613545f5f7959bb3cf5318805e3a3c39d2",
    "src/addons/FS/Escrow/_data/admin_navigation.xml": "3d9b665ed04300d874e527c5a3489e21ba8a6643e869b175ac24aaeb2e664d16",
    "src/addons/FS/Escrow/_data/admin_permission.xml": "ec6fb97cebf0bceb24f1ed1d5778c1db54eeb7535fbb3e31d824840e7aa9ff87",
    "src/addons/FS/Escrow/_data/advertising_positions.xml": "d2f7cbe844bb1df3cf878d22ff6306249245c8ff6b0b87b9b729744bec538261",
    "src/addons/FS/Escrow/_data/api_scopes.xml": "6793eaf758f140e8137187ba20e65f4faccf53410433ae3ad7a8b3b38cb6b3b7",
    "src/addons/FS/Escrow/_data/bb_codes.xml": "faa4ddd5f4a365e5ac39aebdcbe2d25aedf74e7eb9ea4a812766e2fd5e13bdb1",
    "src/addons/FS/Escrow/_data/bb_code_media_sites.xml": "29762987990187b33e43cfb68c08dc917b2d3f0176613d78f8e6c453f82da3f3",
    "src/addons/FS/Escrow/_data/class_extensions.xml": "ca0ae5340639d0feae20343c887d080e6cad74b4aab3e6d35c532d1240669ec6",
    "src/addons/FS/Escrow/_data/code_events.xml": "8370dec3df47f91df4cf79da253446ad11b29f4ea568fe76c774e97a0379f0eb",
    "src/addons/FS/Escrow/_data/code_event_listeners.xml": "d6b5072f4909dee7a20ee9e44b163f95c8aa52e6ac7f573e292000cd9238c331",
    "src/addons/FS/Escrow/_data/content_type_fields.xml": "97bda61f02febce5620ba9142562f41e4680dafd9d9cc6355a13c264e5554c57",
    "src/addons/FS/Escrow/_data/cron.xml": "323c4284742ef24329cd6db6f288eb9736d2353f36852e1db12591e1583aea26",
    "src/addons/FS/Escrow/_data/help_pages.xml": "a8a0c0b06cdc550438bc8a8d385af3e1e5ab3459877dfb934c1c31be59c89163",
    "src/addons/FS/Escrow/_data/member_stats.xml": "89fb2b93ff1eca7a1f6f752248edf6090dfd24037db1446fd18ff7143f08124d",
    "src/addons/FS/Escrow/_data/navigation.xml": "302a57d2dd4343dc6703b29e050b64e8e0f73697d5edcb2f923b801f38ed04e3",
    "src/addons/FS/Escrow/_data/options.xml": "a1a0d6eda70b206ecc211b8e30655d6a2239a48595671c28eb1707f8d847b747",
    "src/addons/FS/Escrow/_data/option_groups.xml": "50911703344a85ef755396d7bf248a12661b9e910f9cad15ab6a427863c22607",
    "src/addons/FS/Escrow/_data/permissions.xml": "8b182445c7e31411ac64b1f3e02535fc25e04b621e84383dfdaf5ec4236786c2",
    "src/addons/FS/Escrow/_data/permission_interface_groups.xml": "c2331df039c326e86288a8162609b9f5ca288ea13219780643fa3b8ce522bf65",
    "src/addons/FS/Escrow/_data/phrases.xml": "76e0508ec46fecd221c58b1ab4b6aa609d1bde90d62c593ff287d3d8ad63b3ed",
    "src/addons/FS/Escrow/_data/routes.xml": "3463e17074462f9c0307e07747390ea19352f319e1e98defb1fe3de0562cdcd2",
    "src/addons/FS/Escrow/_data/style_properties.xml": "8b8690a8512f01f219dd2da76e3d0c5f62afc1f317b87794a7331c859c36a7a8",
    "src/addons/FS/Escrow/_data/style_property_groups.xml": "68e1879cb3846c42d978487aa8d5145ff3335fc39e58016878824d5cf3fd684c",
    "src/addons/FS/Escrow/_data/templates.xml": "2be5773e9cdae7a15effc017169942599569b382229445b5765a922c65c52f6d",
    "src/addons/FS/Escrow/_data/template_modifications.xml": "5b1266814993e63c1eb17291ab7cf9c2f38938c11b623c531804e9f7c7bb8bb2",
    "src/addons/FS/Escrow/_data/widget_definitions.xml": "37e46965256430f24004c2e7f08ba08f9b0d1cbcc4d70e84b3f4e3ffb713e64b",
    "src/addons/FS/Escrow/_data/widget_positions.xml": "a29cee66134f6bc5d75ed9df1eef21096c24401915c5b5c774389c3d7bb2d5b3"
}