<?xml version="1.0" encoding="utf-8"?>
<class_extensions>
  <extension from_class="XF\Admin\Controller\User" to_class="FS\Escrow\XF\Admin\Controller\User" execute_order="10" active="1"/>
  <extension from_class="XF\Entity\Thread" to_class="FS\Escrow\XF\Entity\Thread" execute_order="10" active="1"/>
  <extension from_class="XF\Entity\User" to_class="FS\Escrow\XF\Entity\User" execute_order="10" active="1"/>
  <extension from_class="XF\Pub\Controller\Forum" to_class="FS\Escrow\XF\Pub\Controller\Forum" execute_order="10" active="1"/>
  <extension from_class="XF\Pub\Controller\Member" to_class="FS\Escrow\XF\Pub\Controller\Member" execute_order="10" active="1"/>
  <extension from_class="XF\Pub\Controller\Post" to_class="FS\Escrow\XF\Pub\Controller\Post" execute_order="10" active="1"/>
  <extension from_class="XF\Pub\Controller\Thread" to_class="FS\Escrow\XF\Pub\Controller\Thread" execute_order="10" active="1"/>
  <extension from_class="XF\Service\Thread\Creator" to_class="FS\Escrow\XF\Service\Thread\Creator" execute_order="10" active="1"/>
</class_extensions>
