{
    "src/addons/FS/BitCoinPayment/addon.json": "471ca05f074cfb22006e852c12ba948f650ec15d2446ed72741af2b7b275474e",
    "src/addons/FS/BitCoinPayment/Pub/Controller/BitcoinPayment.php": "71ecaf358d4385c236c46c409931e5f354d84586f890a6fd39ff2c6be45b2839",
    "src/addons/FS/BitCoinPayment/Setup.php": "e00bd85b77625f1c42eb52449d5f32a9ea8ea59ab56e2824090d0f0db680bdce",
    "src/addons/FS/BitCoinPayment/_data/activity_summary_definitions.xml": "99d8c2563a31320d66f958fc8bda78613545f5f7959bb3cf5318805e3a3c39d2",
    "src/addons/FS/BitCoinPayment/_data/admin_navigation.xml": "064ec797484ac00d5ee37367b50b06846d11f480d00550997712707f8fdac8c0",
    "src/addons/FS/BitCoinPayment/_data/admin_permission.xml": "ec6fb97cebf0bceb24f1ed1d5778c1db54eeb7535fbb3e31d824840e7aa9ff87",
    "src/addons/FS/BitCoinPayment/_data/advertising_positions.xml": "d2f7cbe844bb1df3cf878d22ff6306249245c8ff6b0b87b9b729744bec538261",
    "src/addons/FS/BitCoinPayment/_data/api_scopes.xml": "6793eaf758f140e8137187ba20e65f4faccf53410433ae3ad7a8b3b38cb6b3b7",
    "src/addons/FS/BitCoinPayment/_data/bb_codes.xml": "faa4ddd5f4a365e5ac39aebdcbe2d25aedf74e7eb9ea4a812766e2fd5e13bdb1",
    "src/addons/FS/BitCoinPayment/_data/bb_code_media_sites.xml": "29762987990187b33e43cfb68c08dc917b2d3f0176613d78f8e6c453f82da3f3",
    "src/addons/FS/BitCoinPayment/_data/class_extensions.xml": "1f548b8006e9952a3f5889f71e09fdfa6726ac1a47c1af7b2626d1a88920d5a4",
    "src/addons/FS/BitCoinPayment/_data/code_events.xml": "8370dec3df47f91df4cf79da253446ad11b29f4ea568fe76c774e97a0379f0eb",
    "src/addons/FS/BitCoinPayment/_data/code_event_listeners.xml": "d6b5072f4909dee7a20ee9e44b163f95c8aa52e6ac7f573e292000cd9238c331",
    "src/addons/FS/BitCoinPayment/_data/content_type_fields.xml": "c7ad5472b28f465b7ac7617627707eba1b7a39d28089460d52e1ed292fc0b06a",
    "src/addons/FS/BitCoinPayment/_data/cron.xml": "323c4284742ef24329cd6db6f288eb9736d2353f36852e1db12591e1583aea26",
    "src/addons/FS/BitCoinPayment/_data/help_pages.xml": "a8a0c0b06cdc550438bc8a8d385af3e1e5ab3459877dfb934c1c31be59c89163",
    "src/addons/FS/BitCoinPayment/_data/member_stats.xml": "89fb2b93ff1eca7a1f6f752248edf6090dfd24037db1446fd18ff7143f08124d",
    "src/addons/FS/BitCoinPayment/_data/navigation.xml": "ea31a0daaec24c37918f635838aa3e1624bdce2efe9f0cef7ab6c37e816d51f2",
    "src/addons/FS/BitCoinPayment/_data/options.xml": "1cea29aa5671733d85c8fc6f7c66128eacbca5643cbb38585eb82002879b51a4",
    "src/addons/FS/BitCoinPayment/_data/option_groups.xml": "154d7a89664b243d0bd8227c22e241f934bf7e196c83230ee23d3c0c4fba1333",
    "src/addons/FS/BitCoinPayment/_data/permissions.xml": "7e4fc7d5826733d15ea2d8936b9bdd41afcaad810eb38e50da3c8d8eafda1550",
    "src/addons/FS/BitCoinPayment/_data/permission_interface_groups.xml": "3177224e96458b829aa7fb24866dda9e0455a4922aee3d669b53f59a1ffdf5d1",
    "src/addons/FS/BitCoinPayment/_data/phrases.xml": "7d2bfc0916c061763d975bff7826161986e5e6288244cd00b5af08fc11c23bcc",
    "src/addons/FS/BitCoinPayment/_data/routes.xml": "2bd9b3446b0d0ae4bc8360dfaae39b47fc34e5d1289e375ec648a9fe77005acd",
    "src/addons/FS/BitCoinPayment/_data/style_properties.xml": "8b8690a8512f01f219dd2da76e3d0c5f62afc1f317b87794a7331c859c36a7a8",
    "src/addons/FS/BitCoinPayment/_data/style_property_groups.xml": "68e1879cb3846c42d978487aa8d5145ff3335fc39e58016878824d5cf3fd684c",
    "src/addons/FS/BitCoinPayment/_data/templates.xml": "4218f6e1464243c7f0b09bd3b1c0df2e4804103fabe1793c0e53dfc46742515e",
    "src/addons/FS/BitCoinPayment/_data/template_modifications.xml": "ded06aba747506bafcfd76b93b73259e362eb253c302b1961e706814c0263f7e",
    "src/addons/FS/BitCoinPayment/_data/widget_definitions.xml": "37e46965256430f24004c2e7f08ba08f9b0d1cbcc4d70e84b3f4e3ffb713e64b",
    "src/addons/FS/BitCoinPayment/_data/widget_positions.xml": "a29cee66134f6bc5d75ed9df1eef21096c24401915c5b5c774389c3d7bb2d5b3",
    "styles/FS/BitCoinPayment/btc.png": "0f683ab4eaef50d2741676dc9fd9337d9a954957648560cfae56b173cdba6232"
}