{
    "src/addons/FS/ForumButtons/addon.json": "a8d9b5652d0627a914e8e818f0f2433550ed3240423ff8da4297c1401c5087cf",
    "src/addons/FS/ForumButtons/Setup.php": "52d6524664fd25791df8e78a2e9063284fd9a2be4f2bf60cb1006e7e68faf889",
    "src/addons/FS/ForumButtons/XF/Pub/Controller/Forum.php": "e427e16fd2b30289e1be0abb860be96f130532bcb93441518961d25cba51803e",
    "src/addons/FS/ForumButtons/_data/activity_summary_definitions.xml": "99d8c2563a31320d66f958fc8bda78613545f5f7959bb3cf5318805e3a3c39d2",
    "src/addons/FS/ForumButtons/_data/admin_navigation.xml": "064ec797484ac00d5ee37367b50b06846d11f480d00550997712707f8fdac8c0",
    "src/addons/FS/ForumButtons/_data/admin_permission.xml": "ec6fb97cebf0bceb24f1ed1d5778c1db54eeb7535fbb3e31d824840e7aa9ff87",
    "src/addons/FS/ForumButtons/_data/advertising_positions.xml": "d2f7cbe844bb1df3cf878d22ff6306249245c8ff6b0b87b9b729744bec538261",
    "src/addons/FS/ForumButtons/_data/api_scopes.xml": "6793eaf758f140e8137187ba20e65f4faccf53410433ae3ad7a8b3b38cb6b3b7",
    "src/addons/FS/ForumButtons/_data/bb_codes.xml": "faa4ddd5f4a365e5ac39aebdcbe2d25aedf74e7eb9ea4a812766e2fd5e13bdb1",
    "src/addons/FS/ForumButtons/_data/bb_code_media_sites.xml": "29762987990187b33e43cfb68c08dc917b2d3f0176613d78f8e6c453f82da3f3",
    "src/addons/FS/ForumButtons/_data/class_extensions.xml": "338e5600fcf7de17a92e891089e3fcf3c7ecd9eb20bef1dfe933e5b66c87c347",
    "src/addons/FS/ForumButtons/_data/code_events.xml": "8370dec3df47f91df4cf79da253446ad11b29f4ea568fe76c774e97a0379f0eb",
    "src/addons/FS/ForumButtons/_data/code_event_listeners.xml": "d6b5072f4909dee7a20ee9e44b163f95c8aa52e6ac7f573e292000cd9238c331",
    "src/addons/FS/ForumButtons/_data/content_type_fields.xml": "c7ad5472b28f465b7ac7617627707eba1b7a39d28089460d52e1ed292fc0b06a",
    "src/addons/FS/ForumButtons/_data/cron.xml": "323c4284742ef24329cd6db6f288eb9736d2353f36852e1db12591e1583aea26",
    "src/addons/FS/ForumButtons/_data/help_pages.xml": "a8a0c0b06cdc550438bc8a8d385af3e1e5ab3459877dfb934c1c31be59c89163",
    "src/addons/FS/ForumButtons/_data/member_stats.xml": "89fb2b93ff1eca7a1f6f752248edf6090dfd24037db1446fd18ff7143f08124d",
    "src/addons/FS/ForumButtons/_data/navigation.xml": "f75e1c03a45a360bbdfcd0567121665082315068475d5b0feb8b1acbb1688651",
    "src/addons/FS/ForumButtons/_data/options.xml": "e2dfbc89dbab0209061d9a45597ddc45a4062db44f6cb16ee03e1b240724ae22",
    "src/addons/FS/ForumButtons/_data/option_groups.xml": "0427fd2976d801d24e4fd15d0eb97e07cc396102a86553fdb7dd3a0f2bf4772c",
    "src/addons/FS/ForumButtons/_data/permissions.xml": "7e4fc7d5826733d15ea2d8936b9bdd41afcaad810eb38e50da3c8d8eafda1550",
    "src/addons/FS/ForumButtons/_data/permission_interface_groups.xml": "3177224e96458b829aa7fb24866dda9e0455a4922aee3d669b53f59a1ffdf5d1",
    "src/addons/FS/ForumButtons/_data/phrases.xml": "862b9fb0c1309edcb16dc15031d48812c2ebe8ce58ded78bb287a6464e835d23",
    "src/addons/FS/ForumButtons/_data/routes.xml": "550fa64f9feedf137dd877b38c2684f94474619d2d83890dbb717a91b50da8f5",
    "src/addons/FS/ForumButtons/_data/style_properties.xml": "8b8690a8512f01f219dd2da76e3d0c5f62afc1f317b87794a7331c859c36a7a8",
    "src/addons/FS/ForumButtons/_data/style_property_groups.xml": "68e1879cb3846c42d978487aa8d5145ff3335fc39e58016878824d5cf3fd684c",
    "src/addons/FS/ForumButtons/_data/templates.xml": "95d4b078b90e74e773cef6695ef94c742e74b8d62e6798738f11f0215a58faee",
    "src/addons/FS/ForumButtons/_data/template_modifications.xml": "621722e461f18c114f6422341f18ba3355b1fb2ad44a341197f92cb1c1e55320",
    "src/addons/FS/ForumButtons/_data/widget_definitions.xml": "37e46965256430f24004c2e7f08ba08f9b0d1cbcc4d70e84b3f4e3ffb713e64b",
    "src/addons/FS/ForumButtons/_data/widget_positions.xml": "a29cee66134f6bc5d75ed9df1eef21096c24401915c5b5c774389c3d7bb2d5b3"
}