{
    "legacy_addon_id": "",
    "title": "[OzzModz] Post Comments",
    "description": "A structural modification for turning posts into threaded mode where replies are nested.",
    "version_id": 2000300,
    "version_string": "2.0.3 Patch Level 2",
    "dev": "Ozzy47",
    "dev_url": "https://snogssite.com/",
    "faq_url": "",
    "support_url": "",
    "extra_urls": [],
    "require": {
        "php": [
            "5.6",
            "PHP 5.6+"
        ],
        "XF": [
            2010070,
            "XenForo 2.1.0+"
        ]
    },
    "icon": ""
}