{
    "admin/add_is_featured_field.json": {
        "hash": "e18115689ce895214b119549a9c90438"
    },
    "public/add_desc_as_ros.json": {
        "hash": "dd8211c85a043d580fedd6852b3ff2cd"
    },
    "public/add_featured_btn_in_thread.json": {
        "hash": "85d4b3a3674bccc4644df36b6add3237"
    },
    "public/add_featured_listing.json": {
        "hash": "c0d04623423d9110cc035d77b3a08bae"
    },
    "public/add_swb_username.json": {
        "hash": "faaa34edf357ebeb2b1239e9e1ef0851"
    },
    "public/add_userfield_for_alert_forum.json": {
        "hash": "d2bc045f1f85461b46f458923fe998f0"
    },
    "public/add_vouch_btn.json": {
        "hash": "0ddcf9a9e8e7f40410c769f2eee2a6a2"
    },
    "public/adding_owl_carousel_plugin.json": {
        "hash": "9fd7d0596a79257a03811b283f4c1bb4"
    },
    "public/fetch_fields_accourding_account_type.json": {
        "hash": "4ab88a74010484c2ea4d8d16ef7e531b"
    },
    "public/fs_add_fields_according_to_account_type.json": {
        "hash": "15c6aa298644220e95b8f8fa386ae6da"
    },
    "public/fs_register_add_pop_for_listing_forums.json": {
        "hash": "e7113f8ae891e07e26a58e2d957713cc"
    },
    "public/hide_message_and_add_user_field.json": {
        "hash": "6025cd593b90567af7e4767405fb0e1f"
    },
    "public/manage_message_from_front_side.json": {
        "hash": "f2227f9158ddd944b945ef0eefd8a684"
    },
    "public/pass_vouch_variable.json": {
        "hash": "8c384b77006de7a58743b131a47b533e"
    },
    "public/receive_vouch_variable.json": {
        "hash": "28e0bb77178fffa39dd3f5833894a4a5"
    },
    "public/remove_your_media.json": {
        "hash": "3d115c307152a78a5cbdb93e7f14ed8c"
    },
    "public/replace_media_phrase_album.json": {
        "hash": "a6eb62f577df42aac03c7f3b0d4bfeb8"
    },
    "public/show_general_fields_to_user_according_account_type.json": {
        "hash": "cc923e7118e542cef9fc238f9675220f"
    }
}