{
    "src/addons/FS/RegistrationSteps/addon.json": "73fbb9de9585cb02b544374e50c3faaab6c088d9b0b841b2ec6919b10e176d3b",
    "src/addons/FS/RegistrationSteps/Listener.php": "b6da0a413e5e61c1391ea76ed93a058037f69ffc549aaf66518a39a69abbe7e4",
    "src/addons/FS/RegistrationSteps/Setup.php": "9ac1136a8d7d50ecb448e90645551929e0a0e7b9738bf53b49f19abac54a873f",
    "src/addons/FS/RegistrationSteps/XF/CustomField/Definition.php": "7a05379065c5267360eb918411c958ef36306aff6c5a0a5a9d022d54703cc855",
    "src/addons/FS/RegistrationSteps/XF/Entity/Thread.php": "071df633def322e9e25b7911a3573728107578b7678879c0b706c5e0b47477f7",
    "src/addons/FS/RegistrationSteps/XF/Entity/User.php": "9b749c43752bc91ea3ce9b3f5e1a7d8c325d7bce260cca364efb9fd23489b50b",
    "src/addons/FS/RegistrationSteps/XF/Entity/UserProfile.php": "ce8f5ea1317516986d7749f46aee5a1f09a74de322aea5dccddd4c7d00dd6bca",
    "src/addons/FS/RegistrationSteps/XF/Pub/Controller/Account.php": "2bb63f1c7b456f40cfd1f06368a60cc311e76715bbe63542fffcf18ae26e4f40",
    "src/addons/FS/RegistrationSteps/XF/Pub/Controller/Help.php": "54dea464c28fead858107aeab9d37a4afefc458bdb93783f5a1bbfbe889a922a",
    "src/addons/FS/RegistrationSteps/XF/Pub/Controller/Register.php": "076719b52e26a1ec4a5b25685da3b7a3e255f746cb66ce63f872530cdce5ab83",
    "src/addons/FS/RegistrationSteps/XF/Service/User/Registration.php": "53940e38eff0387a97120c2fe0aa4d09e7e8ad586e0ceb5ec0e8d93de390b3cd",
    "src/addons/FS/RegistrationSteps/_data/activity_summary_definitions.xml": "99d8c2563a31320d66f958fc8bda78613545f5f7959bb3cf5318805e3a3c39d2",
    "src/addons/FS/RegistrationSteps/_data/admin_navigation.xml": "064ec797484ac00d5ee37367b50b06846d11f480d00550997712707f8fdac8c0",
    "src/addons/FS/RegistrationSteps/_data/admin_permission.xml": "ec6fb97cebf0bceb24f1ed1d5778c1db54eeb7535fbb3e31d824840e7aa9ff87",
    "src/addons/FS/RegistrationSteps/_data/advertising_positions.xml": "d2f7cbe844bb1df3cf878d22ff6306249245c8ff6b0b87b9b729744bec538261",
    "src/addons/FS/RegistrationSteps/_data/api_scopes.xml": "6793eaf758f140e8137187ba20e65f4faccf53410433ae3ad7a8b3b38cb6b3b7",
    "src/addons/FS/RegistrationSteps/_data/bb_codes.xml": "faa4ddd5f4a365e5ac39aebdcbe2d25aedf74e7eb9ea4a812766e2fd5e13bdb1",
    "src/addons/FS/RegistrationSteps/_data/bb_code_media_sites.xml": "29762987990187b33e43cfb68c08dc917b2d3f0176613d78f8e6c453f82da3f3",
    "src/addons/FS/RegistrationSteps/_data/class_extensions.xml": "6085da0c1a0ee2f7c3503e95cd6f283bfaf9f51fa45fa77cdf243a83efb66d25",
    "src/addons/FS/RegistrationSteps/_data/code_events.xml": "8370dec3df47f91df4cf79da253446ad11b29f4ea568fe76c774e97a0379f0eb",
    "src/addons/FS/RegistrationSteps/_data/code_event_listeners.xml": "8e35b6653cae91f66792136273626bf959a684faa0ab93a73325c5f019d2b342",
    "src/addons/FS/RegistrationSteps/_data/content_type_fields.xml": "c7ad5472b28f465b7ac7617627707eba1b7a39d28089460d52e1ed292fc0b06a",
    "src/addons/FS/RegistrationSteps/_data/cron.xml": "323c4284742ef24329cd6db6f288eb9736d2353f36852e1db12591e1583aea26",
    "src/addons/FS/RegistrationSteps/_data/help_pages.xml": "a8a0c0b06cdc550438bc8a8d385af3e1e5ab3459877dfb934c1c31be59c89163",
    "src/addons/FS/RegistrationSteps/_data/member_stats.xml": "89fb2b93ff1eca7a1f6f752248edf6090dfd24037db1446fd18ff7143f08124d",
    "src/addons/FS/RegistrationSteps/_data/navigation.xml": "f75e1c03a45a360bbdfcd0567121665082315068475d5b0feb8b1acbb1688651",
    "src/addons/FS/RegistrationSteps/_data/options.xml": "80d2f3967fba805f8fc16f76e4dd30085ef9585e95da4a4657136ce09ec836f5",
    "src/addons/FS/RegistrationSteps/_data/option_groups.xml": "c8e35149d0d5480018f31ba82288856244f1967adb4cdd55853a32de631d66ef",
    "src/addons/FS/RegistrationSteps/_data/permissions.xml": "7e4fc7d5826733d15ea2d8936b9bdd41afcaad810eb38e50da3c8d8eafda1550",
    "src/addons/FS/RegistrationSteps/_data/permission_interface_groups.xml": "3177224e96458b829aa7fb24866dda9e0455a4922aee3d669b53f59a1ffdf5d1",
    "src/addons/FS/RegistrationSteps/_data/phrases.xml": "dabb47d62e4d7a0a1e7a1f73640dd7af4bbfa0c77947f86ab688e3d189a566f5",
    "src/addons/FS/RegistrationSteps/_data/routes.xml": "550fa64f9feedf137dd877b38c2684f94474619d2d83890dbb717a91b50da8f5",
    "src/addons/FS/RegistrationSteps/_data/style_properties.xml": "8b8690a8512f01f219dd2da76e3d0c5f62afc1f317b87794a7331c859c36a7a8",
    "src/addons/FS/RegistrationSteps/_data/style_property_groups.xml": "68e1879cb3846c42d978487aa8d5145ff3335fc39e58016878824d5cf3fd684c",
    "src/addons/FS/RegistrationSteps/_data/templates.xml": "e690ef21cac60c4d4645fb2bc931b797987afb0af22b5ccfbf2712c50797b376",
    "src/addons/FS/RegistrationSteps/_data/template_modifications.xml": "056344d64b25ff1e6a79dc45530be9a8256435f8927bf902a167f0d999a5e229",
    "src/addons/FS/RegistrationSteps/_data/widget_definitions.xml": "37e46965256430f24004c2e7f08ba08f9b0d1cbcc4d70e84b3f4e3ffb713e64b",
    "src/addons/FS/RegistrationSteps/_data/widget_positions.xml": "a29cee66134f6bc5d75ed9df1eef21096c24401915c5b5c774389c3d7bb2d5b3",
    "styles/FS/RegistrationSteps/humanTraffic.png": "f33fd1ab53f8531f33351ff336f23c1e1cc9b13983bd0fb75d9356274a574002",
    "styles/FS/RegistrationSteps/rtaLogo.png": "4fa25efdf327cc89c73ba20472040fec61f3d9d9bf5246b1191a8bff9a48d79f",
    "styles/FS/RegistrationSteps/SWOPUSAMenuLogo.jpg": "39189525d83f2b71345862d7953066ae9c05856a27f840ced847319e342ec656"
}