{
    "buy_premium_msg.txt": {
        "global_cache": false,
        "version_id": 1010000,
        "version_string": "1.1.0 Alpha",
        "hash": "37c084f8d7766b1e2ba4882f5ba0293c"
    },
    "buy_premium_to_view_message.txt": {
        "global_cache": false,
        "version_id": 1010000,
        "version_string": "1.1.0 Alpha",
        "hash": "8856b51c14788c078c88a56f37025c8e"
    },
    "contact_mobile.txt": {
        "global_cache": false,
        "version_id": 1010000,
        "version_string": "1.1.0 Alpha",
        "hash": "87d17f4624a514e81dc7c8e016a7405c"
    },
    "email_SWB_promotion.txt": {
        "global_cache": false,
        "version_id": 1010000,
        "version_string": "1.1.0 Alpha",
        "hash": "30f8e653ba817993e71205d2ff38d41a"
    },
    "email_appointment.txt": {
        "global_cache": false,
        "version_id": 1010000,
        "version_string": "1.1.0 Alpha",
        "hash": "7b0eae0ccc6c8fd0e13d11e7da85a6bb"
    },
    "email_appointment_duration.txt": {
        "global_cache": false,
        "version_id": 1010000,
        "version_string": "1.1.0 Alpha",
        "hash": "831c28600e605301f2030038f04a01e6"
    },
    "email_appointment_type.txt": {
        "global_cache": false,
        "version_id": 1010000,
        "version_string": "1.1.0 Alpha",
        "hash": "8278d7e135da9190a614adda9452b554"
    },
    "email_desired_city.txt": {
        "global_cache": false,
        "version_id": 1010000,
        "version_string": "1.1.0 Alpha",
        "hash": "ac6fc9af51e730cc975f0b2d709581d4"
    },
    "email_desired_date.txt": {
        "global_cache": false,
        "version_id": 1010000,
        "version_string": "1.1.0 Alpha",
        "hash": "aef85e0b85db9b77a1dcab4f5c1a8f95"
    },
    "email_desired_time.txt": {
        "global_cache": false,
        "version_id": 1010000,
        "version_string": "1.1.0 Alpha",
        "hash": "8d6b2593ee599d3278ca36c5e38bce8a"
    },
    "email_providers_rates.txt": {
        "global_cache": false,
        "version_id": 1010000,
        "version_string": "1.1.0 Alpha",
        "hash": "261fd5cccdeb51938560f7a0eb71d63f"
    },
    "email_request_type.txt": {
        "global_cache": false,
        "version_id": 1010000,
        "version_string": "1.1.0 Alpha",
        "hash": "a224e78a5fe556025783c5fe942ef523"
    },
    "fs_add_album.txt": {
        "global_cache": false,
        "version_id": 1010000,
        "version_string": "1.1.0 Alpha",
        "hash": "1cdc3e159972d863a728ba99582d6cfa"
    },
    "fs_ads_not_found.txt": {
        "global_cache": false,
        "version_id": 1010000,
        "version_string": "1.1.0 Alpha",
        "hash": "3babd80b5fb81b3a48e5e0536e390884"
    },
    "fs_alert_not_found.txt": {
        "global_cache": false,
        "version_id": 1010000,
        "version_string": "1.1.0 Alpha",
        "hash": "e039ee62b4d63e312d1a871810ab0f82"
    },
    "fs_my_reviews.txt": {
        "global_cache": false,
        "version_id": 1010000,
        "version_string": "1.1.0 Alpha",
        "hash": "d2e8b92e10ca61c48d73cc0c5ee628d8"
    },
    "fs_regisgter_featuerd_title.txt": {
        "global_cache": false,
        "version_id": 1010000,
        "version_string": "1.1.0 Alpha",
        "hash": "6e4c336af217759539af24e0656784d1"
    },
    "fs_register_add_contact_detail.txt": {
        "global_cache": false,
        "version_id": 1010000,
        "version_string": "1.1.0 Alpha",
        "hash": "7953b8dc73cd3cb5fb6020b9c862ce91"
    },
    "fs_register_attentaion.txt": {
        "global_cache": false,
        "version_id": 1010000,
        "version_string": "1.1.0 Alpha",
        "hash": "2aa97e44cace7cb882c9dcba32940f8f"
    },
    "fs_register_can_not_review_male.txt": {
        "global_cache": false,
        "version_id": 1010000,
        "version_string": "1.1.0 Alpha",
        "hash": "5b6f646566a219c64e2bcc766bc17da9"
    },
    "fs_register_can_not_swb_user_yourself.txt": {
        "global_cache": false,
        "version_id": 1010000,
        "version_string": "1.1.0 Alpha",
        "hash": "2fad2f262a4bf36f58c7af25eec63e32"
    },
    "fs_register_cancel_ad.txt": {
        "global_cache": false,
        "version_id": 1010000,
        "version_string": "1.1.0 Alpha",
        "hash": "1b46cbb158f4c36bd6e3c211b63e64ee"
    },
    "fs_register_city.txt": {
        "global_cache": false,
        "version_id": 1010000,
        "version_string": "1.1.0 Alpha",
        "hash": "30d3a69cf264991d77ac412d2cb89afd"
    },
    "fs_register_contact_email.txt": {
        "global_cache": false,
        "version_id": 1010000,
        "version_string": "1.1.0 Alpha",
        "hash": "ce8ae9da5b7cd6c3df2929543a9af92d"
    },
    "fs_register_contact_method.txt": {
        "global_cache": false,
        "version_id": 1010000,
        "version_string": "1.1.0 Alpha",
        "hash": "fd706016fef2e63954ab072ac862d5c3"
    },
    "fs_register_date.txt": {
        "global_cache": false,
        "version_id": 1010000,
        "version_string": "1.1.0 Alpha",
        "hash": "44749712dbec183e983dcd78a7736c41"
    },
    "fs_register_duration.txt": {
        "global_cache": false,
        "version_id": 1010000,
        "version_string": "1.1.0 Alpha",
        "hash": "e02d2ae03de9d493df2b6b2d2813d302"
    },
    "fs_register_email_me.txt": {
        "global_cache": false,
        "version_id": 1010000,
        "version_string": "1.1.0 Alpha",
        "hash": "86de8107f41456db882bd67637446aff"
    },
    "fs_register_email_send.txt": {
        "global_cache": false,
        "version_id": 1010000,
        "version_string": "1.1.0 Alpha",
        "hash": "7d29a5a06a4953ebf709e98a464bdd17"
    },
    "fs_register_featured.txt": {
        "global_cache": false,
        "version_id": 1010000,
        "version_string": "1.1.0 Alpha",
        "hash": "15422d54ec0d47000dc86a9820a5237e"
    },
    "fs_register_fill_all_fields.txt": {
        "global_cache": false,
        "version_id": 1010000,
        "version_string": "1.1.0 Alpha",
        "hash": "d39a7ac918d1579326853bedce476a2e"
    },
    "fs_register_i_aggree.txt": {
        "global_cache": false,
        "version_id": 1010000,
        "version_string": "1.1.0 Alpha",
        "hash": "8764cd8a41b3b4d5c0ae1348ca39e57c"
    },
    "fs_register_latest_male.txt": {
        "global_cache": false,
        "version_id": 1010000,
        "version_string": "1.1.0 Alpha",
        "hash": "c2cbb3a0fc77e4f528100e1d77bdc47f"
    },
    "fs_register_latest_provider.txt": {
        "global_cache": false,
        "version_id": 1010000,
        "version_string": "1.1.0 Alpha",
        "hash": "929e35491c3826870bb8fc07452af5b4"
    },
    "fs_register_location.txt": {
        "global_cache": false,
        "version_id": 1010000,
        "version_string": "1.1.0 Alpha",
        "hash": "ce5bf551379459c1c61d2a204061c455"
    },
    "fs_register_male_email.txt": {
        "global_cache": false,
        "version_id": 1010000,
        "version_string": "1.1.0 Alpha",
        "hash": "54f08892c21fefcc35d8608ee278fbfa"
    },
    "fs_register_male_sub.txt": {
        "global_cache": false,
        "version_id": 1010000,
        "version_string": "1.1.0 Alpha",
        "hash": "0e0137b4ecded7a09d4c76b7f7bd2579"
    },
    "fs_register_message.txt": {
        "global_cache": false,
        "version_id": 1010000,
        "version_string": "1.1.0 Alpha",
        "hash": "9432f8fea363531b50e7411aaf8a4313"
    },
    "fs_register_my_vouch.txt": {
        "global_cache": false,
        "version_id": 1010000,
        "version_string": "1.1.0 Alpha",
        "hash": "90ef0443647c5234279e0b2c07d907bd"
    },
    "fs_register_no.txt": {
        "global_cache": false,
        "version_id": 1010000,
        "version_string": "1.1.0 Alpha",
        "hash": "bafd7322c6e97d25b6299b5d6fe8920b"
    },
    "fs_register_not_allowed.txt": {
        "global_cache": false,
        "version_id": 1010000,
        "version_string": "1.1.0 Alpha",
        "hash": "2544dd67f4cf07c991b29f0748205647"
    },
    "fs_register_page_hobbyist_rules.txt": {
        "global_cache": false,
        "version_id": 1010000,
        "version_string": "1.1.0 Alpha",
        "hash": "9a15ebee379436c0e24e24636c5056a2"
    },
    "fs_register_page_hobbyist_rules_list.txt": {
        "global_cache": false,
        "version_id": 1010000,
        "version_string": "1.1.0 Alpha",
        "hash": "23e719dd86c2ad800efa8eb0ce369f19"
    },
    "fs_register_page_provider_rules.txt": {
        "global_cache": false,
        "version_id": 1010000,
        "version_string": "1.1.0 Alpha",
        "hash": "3374615769460fd933ae21758196e876"
    },
    "fs_register_promotion.txt": {
        "global_cache": false,
        "version_id": 1010000,
        "version_string": "1.1.0 Alpha",
        "hash": "30f8e653ba817993e71205d2ff38d41a"
    },
    "fs_register_r_u_sure.txt": {
        "global_cache": false,
        "version_id": 1010000,
        "version_string": "1.1.0 Alpha",
        "hash": "729a51874fe901b092899e9e8b31c97a"
    },
    "fs_register_rates.txt": {
        "global_cache": false,
        "version_id": 1010000,
        "version_string": "1.1.0 Alpha",
        "hash": "264c20d61782252b77745315fa40fb2f"
    },
    "fs_register_review_for_user_id.txt": {
        "global_cache": false,
        "version_id": 1010000,
        "version_string": "1.1.0 Alpha",
        "hash": "e179f83c783ac8730f633dcda67e9195"
    },
    "fs_register_review_for_username.txt": {
        "global_cache": false,
        "version_id": 1010000,
        "version_string": "1.1.0 Alpha",
        "hash": "e5b1cc18d83168c6afd4fbb7c91bbb50"
    },
    "fs_register_review_me.txt": {
        "global_cache": false,
        "version_id": 1010000,
        "version_string": "1.1.0 Alpha",
        "hash": "88c8e92e5d5fd6b53cdd12ae07c30590"
    },
    "fs_register_reviews.txt": {
        "global_cache": false,
        "version_id": 1010000,
        "version_string": "1.1.0 Alpha",
        "hash": "34e80a799d144cfe4af46815e103f017"
    },
    "fs_register_time.txt": {
        "global_cache": false,
        "version_id": 1010000,
        "version_string": "1.1.0 Alpha",
        "hash": "a76d4ef5f3f6a672bbfab2865563e530"
    },
    "fs_register_type.txt": {
        "global_cache": false,
        "version_id": 1010000,
        "version_string": "1.1.0 Alpha",
        "hash": "a1fa27779242b4902f7ae3bdd5c6d508"
    },
    "fs_register_un_vouch_successfully.txt": {
        "global_cache": false,
        "version_id": 1010000,
        "version_string": "1.1.0 Alpha",
        "hash": "0a9f9591abba44322c3a627c789f4a55"
    },
    "fs_register_update_featured_successfully.txt": {
        "global_cache": false,
        "version_id": 1010000,
        "version_string": "1.1.0 Alpha",
        "hash": "810603a32c9c0f04d9a89b331bd4f007"
    },
    "fs_register_user_not_found.txt": {
        "global_cache": false,
        "version_id": 1010000,
        "version_string": "1.1.0 Alpha",
        "hash": "b846d1144d90307e0cfa35b918a98a98"
    },
    "fs_register_user_required.txt": {
        "global_cache": false,
        "version_id": 1010000,
        "version_string": "1.1.0 Alpha",
        "hash": "386f1605fc378c1ea6fc54808cad5422"
    },
    "fs_register_vouch_message.txt": {
        "global_cache": false,
        "version_id": 1010000,
        "version_string": "1.1.0 Alpha",
        "hash": "edb74bd6322a5ea78bcfccd14c026ec9"
    },
    "fs_register_vouch_successfully.txt": {
        "global_cache": false,
        "version_id": 1010000,
        "version_string": "1.1.0 Alpha",
        "hash": "2a28e7ebd730525aba41b54ee3d6f543"
    },
    "fs_register_yes.txt": {
        "global_cache": false,
        "version_id": 1010000,
        "version_string": "1.1.0 Alpha",
        "hash": "93cba07454f06a4a960172bbd6e2a435"
    },
    "fs_regiter_review_for.txt": {
        "global_cache": false,
        "version_id": 1010000,
        "version_string": "1.1.0 Alpha",
        "hash": "322401d12f07bd2299ed715833bafb78"
    },
    "fs_user_is_featured.txt": {
        "global_cache": false,
        "version_id": 1010000,
        "version_string": "1.1.0 Alpha",
        "hash": "15422d54ec0d47000dc86a9820a5237e"
    },
    "is_featured_thread.txt": {
        "global_cache": false,
        "version_id": 1010000,
        "version_string": "1.1.0 Alpha",
        "hash": "15422d54ec0d47000dc86a9820a5237e"
    },
    "is_featured_thread_title.txt": {
        "global_cache": false,
        "version_id": 1010000,
        "version_string": "1.1.0 Alpha",
        "hash": "4c7858055f6473caf88498ad0c4e3583"
    },
    "no_any_data_found.txt": {
        "global_cache": false,
        "version_id": 1010000,
        "version_string": "1.1.0 Alpha",
        "hash": "dcf38e0f574d8cf88e3f895d4197bbc1"
    },
    "overlay_attention_body.txt": {
        "global_cache": false,
        "version_id": 1010000,
        "version_string": "1.1.0 Alpha",
        "hash": "ca9338d4ce28522aa4aa46871f7e4b0d"
    },
    "prefered_contact_method.txt": {
        "global_cache": false,
        "version_id": 1010000,
        "version_string": "1.1.0 Alpha",
        "hash": "2894093c5883b766a7560c659fff2ec6"
    },
    "rules_overlay_link.txt": {
        "global_cache": false,
        "version_id": 1010000,
        "version_string": "1.1.0 Alpha",
        "hash": "91790c98753bf16da5a540582be87fdf"
    },
    "vouch_date.txt": {
        "global_cache": false,
        "version_id": 1010000,
        "version_string": "1.1.0 Alpha",
        "hash": "44749712dbec183e983dcd78a7736c41"
    },
    "widget_def.FeaturedProvider.txt": {
        "global_cache": false,
        "version_id": 1010000,
        "version_string": "1.1.0 Alpha",
        "hash": "47e0ff199a9124ae70bf4e320e77c9d9"
    },
    "widget_def.TopUsers.txt": {
        "global_cache": false,
        "version_id": 1010000,
        "version_string": "1.1.0 Alpha",
        "hash": "158cc8eaed1b318ef0debc752bb965e4"
    },
    "widget_def.UserStates.txt": {
        "global_cache": false,
        "version_id": 1010000,
        "version_string": "1.1.0 Alpha",
        "hash": "fcad9dece8cdf7430f93f5808723d9ef"
    },
    "widget_def_desc.FeaturedProvider.txt": {
        "global_cache": false,
        "version_id": 1010000,
        "version_string": "1.1.0 Alpha",
        "hash": "d41d8cd98f00b204e9800998ecf8427e"
    },
    "widget_def_desc.TopUsers.txt": {
        "global_cache": false,
        "version_id": 1010000,
        "version_string": "1.1.0 Alpha",
        "hash": "d41d8cd98f00b204e9800998ecf8427e"
    },
    "widget_def_desc.UserStates.txt": {
        "global_cache": false,
        "version_id": 1010000,
        "version_string": "1.1.0 Alpha",
        "hash": "d41d8cd98f00b204e9800998ecf8427e"
    }
}