{
    "template": "user_edit",
    "description": "add_user_crypto_address_amount",
    "execution_order": 10,
    "enabled": true,
    "action": "preg_replace",
    "find": "/<xf:textboxrow name=\"user\\[email]\" .*?>/is",
    "replace": "$0\n<xf:textboxrow name=\"user[crypto_address]\"  readonly=\"true\" value=\"{$user.crypto_address}\" type=\"text\" dir=\"ltr\"\n\t\t\t\t\t\tlabel=\"{{ phrase('crypto_address') }}\" />\n\n<xf:numberboxrow name=\"user[deposit_amount]\"  min=\"0\" dir=\"ltr\"\n\t\t\t\t\t\tlabel=\"{{ phrase('fs_escrow_amount') }}\" explain=\"{{ phrase('escrow_current_amount') }} {{phrase('fs_escrow_amount_symbol')}}{$user.getOrignolAmount()}\"/>"
}