<?xml version="1.0" encoding="utf-8"?>
<class_extensions>
  <extension from_class="XF\Entity\Post" to_class="ThemeHouse\PostComments\XF\Entity\Post" execute_order="10" active="1"/>
  <extension from_class="XF\Entity\Thread" to_class="ThemeHouse\PostComments\XF\Entity\Thread" execute_order="1" active="1"/>
  <extension from_class="XF\Finder\Post" to_class="ThemeHouse\PostComments\XF\Finder\Post" execute_order="10" active="1"/>
  <extension from_class="XF\Pub\Controller\Post" to_class="ThemeHouse\PostComments\XF\Pub\Controller\Post" execute_order="10" active="1"/>
  <extension from_class="XF\Pub\Controller\Thread" to_class="ThemeHouse\PostComments\XF\Pub\Controller\Thread" execute_order="20" active="1"/>
  <extension from_class="XF\Repository\Thread" to_class="ThemeHouse\PostComments\XF\Repository\Thread" execute_order="10" active="1"/>
  <extension from_class="XF\Service\Post\Notifier" to_class="ThemeHouse\PostComments\XF\Service\Post\Notifier" execute_order="10" active="1"/>
  <extension from_class="XF\Service\Thread\Replier" to_class="ThemeHouse\PostComments\XF\Service\Thread\Replier" execute_order="10" active="1"/>
</class_extensions>
